module,name,value,unit,direction,protocol,split,scope,sample_count,run_id,source,raw_evaluator_path
M01,AP,0.44953582062829395,fraction,higher,official pycocotools bbox COCO 2017 val,val2017,benchmark,5000,20260923T040718_a681dfad,measured,/home/minglei/Desktop/CAR/perception_lab/runs/20260923T040718_a681dfad/M01/evaluation/command.log
M01,AP50,0.617742598122485,fraction,higher,official pycocotools bbox COCO 2017 val,val2017,benchmark,5000,20260923T040718_a681dfad,measured,/home/minglei/Desktop/CAR/perception_lab/runs/20260923T040718_a681dfad/M01/evaluation/command.log
M01,AP75,0.48624772873536976,fraction,higher,official pycocotools bbox COCO 2017 val,val2017,benchmark,5000,20260923T040718_a681dfad,measured,/home/minglei/Desktop/CAR/perception_lab/runs/20260923T040718_a681dfad/M01/evaluation/command.log
M01,AP_small,0.2600545041210608,fraction,higher,official pycocotools bbox COCO 2017 val,val2017,benchmark,5000,20260923T040718_a681dfad,measured,/home/minglei/Desktop/CAR/perception_lab/runs/20260923T040718_a681dfad/M01/evaluation/command.log
M01,AP_medium,0.4992748389925855,fraction,higher,official pycocotools bbox COCO 2017 val,val2017,benchmark,5000,20260923T040718_a681dfad,measured,/home/minglei/Desktop/CAR/perception_lab/runs/20260923T040718_a681dfad/M01/evaluation/command.log
M01,AP_large,0.6103044438652618,fraction,higher,official pycocotools bbox COCO 2017 val,val2017,benchmark,5000,20260923T040718_a681dfad,measured,/home/minglei/Desktop/CAR/perception_lab/runs/20260923T040718_a681dfad/M01/evaluation/command.log
M01,AR1,0.35625147938560464,fraction,higher,official pycocotools bbox COCO 2017 val,val2017,benchmark,5000,20260923T040718_a681dfad,measured,/home/minglei/Desktop/CAR/perception_lab/runs/20260923T040718_a681dfad/M01/evaluation/command.log
M01,AR10,0.5912759828783895,fraction,higher,official pycocotools bbox COCO 2017 val,val2017,benchmark,5000,20260923T040718_a681dfad,measured,/home/minglei/Desktop/CAR/perception_lab/runs/20260923T040718_a681dfad/M01/evaluation/command.log
M01,AR100,0.6446120661705771,fraction,higher,official pycocotools bbox COCO 2017 val,val2017,benchmark,5000,20260923T040718_a681dfad,measured,/home/minglei/Desktop/CAR/perception_lab/runs/20260923T040718_a681dfad/M01/evaluation/command.log
M01,AR_small,0.43881179379579477,fraction,higher,official pycocotools bbox COCO 2017 val,val2017,benchmark,5000,20260923T040718_a681dfad,measured,/home/minglei/Desktop/CAR/perception_lab/runs/20260923T040718_a681dfad/M01/evaluation/command.log
M01,AR_medium,0.7094232964692074,fraction,higher,official pycocotools bbox COCO 2017 val,val2017,benchmark,5000,20260923T040718_a681dfad,measured,/home/minglei/Desktop/CAR/perception_lab/runs/20260923T040718_a681dfad/M01/evaluation/command.log
M01,AR_large,0.8001427304698168,fraction,higher,official pycocotools bbox COCO 2017 val,val2017,benchmark,5000,20260923T040718_a681dfad,measured,/home/minglei/Desktop/CAR/perception_lab/runs/20260923T040718_a681dfad/M01/evaluation/command.log
M03,AbsRel,0.46035947600193255,ratio,lower,nuScenes single-sweep LiDAR camera-Z sparse depth diagnostic; 0.1<Z<=80m; nearest pixel Z; no scale alignment,mini,mini_single_frame_diagnostic,1,20260923T042604_ebca3122,measured,/home/minglei/Desktop/CAR/perception_lab/runs/20260923T042604_ebca3122/M03/sparse_depth_diagnostic/command.log
M03,RMSE,8.299268085397378,m,lower,nuScenes single-sweep LiDAR camera-Z sparse depth diagnostic; 0.1<Z<=80m; nearest pixel Z; no scale alignment,mini,mini_single_frame_diagnostic,1,20260923T042604_ebca3122,measured,/home/minglei/Desktop/CAR/perception_lab/runs/20260923T042604_ebca3122/M03/sparse_depth_diagnostic/command.log
M03,delta1,0.28741781908864206,fraction,higher,nuScenes single-sweep LiDAR camera-Z sparse depth diagnostic; 0.1<Z<=80m; nearest pixel Z; no scale alignment,mini,mini_single_frame_diagnostic,1,20260923T042604_ebca3122,measured,/home/minglei/Desktop/CAR/perception_lab/runs/20260923T042604_ebca3122/M03/sparse_depth_diagnostic/command.log
