class_name,0.5,1.0,2.0,4.0,mean_ap
car,0.8461475067149671,0.9280120181832152,0.9484626453903158,0.9544855913675857,0.919276940414021
truck,0.8760097249722186,0.9540260486586652,0.9782769739289158,0.9782769739289158,0.9466474303721789
bus,0.0,0.0,0.0,0.0,0.0
trailer,0.0,0.0,0.0,0.0,0.0
construction_vehicle,0.8144682491436878,0.839673199351348,0.8883369925929956,0.9046796449797807,0.8617895215169531
pedestrian,0.8987721088329629,0.9222314284254998,0.9334859436388977,0.9444492784766124,0.9247346898434933
motorcycle,0.8859637558964941,0.8859637558964941,0.8859637558964941,0.8859637558964941,0.8859637558964941
bicycle,0.5431229806709522,0.6617768447630488,0.6895907340018294,0.694681114942237,0.6472929185945169
traffic_cone,0.8655600923049191,0.8744996994227517,0.897272106505576,0.9050701502785259,0.8856005121279432
barrier,0.8077713619181918,0.9449964713746286,0.9569749562943667,0.9678817820173472,0.9194061429011335
