job,module,phase,seconds
yolo,yolo,imports_setup_weights,1.2811925020068884
yolo,yolo,input_decode,0.1435902025550604
yolo,yolo,adapter_validation,0.004981298930943012
yolo,yolo,inference_api,1.0304457992315292
yolo,yolo,postprocess_export,0.3121781647205353
yolo,yolo,finalize,0.003377603366971016
yolo,yolo,process_residual,0.3511750064790249
depth,depth,imports_setup_weights,1.7612161906436086
depth,depth,input_decode,0.13819651771336794
depth,depth,adapter_validation,0.004490461200475693
depth,depth,inference_api,1.856004155240953
depth,depth,postprocess_export,2.66367085557431
depth,depth,finalize,0.005900803953409195
depth,depth,process_residual,0.38708339910954237
segformer,segformer,imports_setup_weights,2.588860545307398
segformer,segformer,inference_api_including_input,1.1970598613843322
segformer,segformer,postprocess_export,6.753609483130276
segformer,segformer,finalize,0.003350355662405491
segformer,segformer,process_residual,0.4917166940867901
pointpillars_0,pointpillars,imports_setup_weights,8.705433590337634
pointpillars_0,pointpillars,input_preprocess,0.014789608307182789
pointpillars_0,pointpillars,inference_api,0.2482340056449175
pointpillars_0,pointpillars,postprocess_export,0.02724983636289835
pointpillars_0,pointpillars,render_export,0.08061852678656578
pointpillars_0,pointpillars,process_residual,1.0828007711097598
pointpillars_1,pointpillars,imports_setup_weights,8.078411606140435
pointpillars_1,pointpillars,input_preprocess,0.04008971154689789
pointpillars_1,pointpillars,inference_api,0.33151754457503557
pointpillars_1,pointpillars,postprocess_export,0.027802255004644394
pointpillars_1,pointpillars,render_export,0.10417310893535614
pointpillars_1,pointpillars,process_residual,1.0441727805882692
pointpillars_2,pointpillars,imports_setup_weights,8.221381067298353
pointpillars_2,pointpillars,input_preprocess,0.03341961372643709
pointpillars_2,pointpillars,inference_api,0.33280663657933474
pointpillars_2,pointpillars,postprocess_export,0.027026892639696598
pointpillars_2,pointpillars,render_export,0.10413512773811817
pointpillars_2,pointpillars,process_residual,1.0505515793338418
centerpoint_0,centerpoint,imports_setup_weights,8.335088839754462
centerpoint_0,centerpoint,input_preprocess,0.003615632653236389
centerpoint_0,centerpoint,inference_api,2.0254553332924843
centerpoint_0,centerpoint,postprocess_export,0.04309380613267422
centerpoint_0,centerpoint,render_export,0.09107653703540564
centerpoint_0,centerpoint,process_residual,1.2202303493395448
centerpoint_1,centerpoint,imports_setup_weights,8.51764907501638
centerpoint_1,centerpoint,input_preprocess,0.023433221504092216
centerpoint_1,centerpoint,inference_api,2.004975031130016
centerpoint_1,centerpoint,postprocess_export,0.03800646681338549
centerpoint_1,centerpoint,render_export,0.11133777536451817
centerpoint_1,centerpoint,process_residual,1.3239489365369081
centerpoint_2,centerpoint,imports_setup_weights,8.571001762524247
centerpoint_2,centerpoint,input_preprocess,0.022347736172378063
centerpoint_2,centerpoint,inference_api,2.048093064688146
centerpoint_2,centerpoint,postprocess_export,0.03907039016485214
centerpoint_2,centerpoint,render_export,0.10906658135354519
centerpoint_2,centerpoint,process_residual,1.3014855161309242
maptr,maptr,imports_setup_weights,5.424341588281095
maptr,maptr,input_preprocess,1.2101867208257318
maptr,maptr,inference_api,0.36564788967370987
maptr,maptr,postprocess,0.0017139129340648651
maptr,maptr,finalize,0.333809582516551
maptr,maptr,process_residual,0.7257667556405067
lidarseg,lidarseg,imports_setup_weights,3.335039271041751
lidarseg,lidarseg,input_preprocess,0.012308849953114986
lidarseg,lidarseg,inference_api_with_point_decode,0.2222275035455823
lidarseg,lidarseg,evaluation_export,0.03214536514133215
lidarseg,lidarseg,finalize,0.1887285616248846
lidarseg,lidarseg,process_residual,0.5357207842171192
tracking_39,tracking_39,imports_setup_weights,0.2121962746605277
tracking_39,tracking_39,tracking_with_coordinate_adapters,0.4073309004306793
tracking_39,tracking_39,postprocess_export,0.5326620060950518
tracking_39,tracking_39,render_export,16.51619443297386
tracking_39,tracking_39,process_residual,0.1157129779458046
rerun_export_39,rerun_export_39,imports_setup_weights,0.655004171654582
rerun_export_39,rerun_export_39,recording_build,6.0965486746281385
rerun_export_39,rerun_export_39,recording_flush,0.0029818248003721237
rerun_export_39,rerun_export_39,finalize,0.13052699714899063
rerun_export_39,rerun_export_39,process_residual,0.06527711637318134
