round,variant,mean_ms
0,reference,2.88541
0,optimized,0.7739385128205128
1,optimized,0.7717900512820512
1,reference,2.8809231025641022
2,reference,2.871193692307692
2,optimized,0.7773935128205129
3,optimized,0.7662092564102564
3,reference,2.88360958974359
4,reference,2.879946076923077
4,optimized,0.7743462307692307
5,optimized,0.7612099230769231
5,reference,2.877668948717949
6,reference,2.8810156153846154
6,optimized,0.7717478717948718
7,optimized,0.7672035384615384
7,reference,2.904330769230769
8,reference,2.8873723846153854
8,optimized,0.7728065897435898
9,optimized,0.7714768717948719
9,reference,2.8818837179487176
10,reference,2.879881538461538
10,optimized,0.7785563846153847
11,optimized,0.7688521282051283
11,reference,3.2468293589743586
12,reference,2.8785647435897435
12,optimized,0.7765021025641027
13,optimized,0.7728049230769231
13,reference,2.8870933589743584
14,reference,2.8781216666666674
14,optimized,0.7735146666666665
15,optimized,0.769897358974359
15,reference,2.8808713846153844
16,reference,2.885196615384616
16,optimized,0.7786870769230768
17,optimized,0.7737711025641024
17,reference,2.8958474615384615
18,reference,2.888885615384616
18,optimized,0.7809958461538462
19,optimized,0.7651750256410257
19,reference,2.8926767435897434
20,reference,2.9233110256410253
20,optimized,0.7780072564102566
21,optimized,0.7730228205128206
21,reference,2.906734564102564
22,reference,2.8756901025641026
22,optimized,0.7686685128205129
23,optimized,0.7657981794871794
23,reference,2.8746843846153847
24,reference,2.8773330769230765
24,optimized,0.7729622564102565
25,optimized,0.7669983076923076
25,reference,3.266715512820513
26,reference,2.8810875384615384
26,optimized,0.7733260256410256
27,optimized,0.7743913076923078
27,reference,2.8920214871794876
28,reference,2.882907102564103
28,optimized,0.7706550256410257
29,optimized,0.7698358205128206
29,reference,2.8788524102564095
