round,variant,frame,ms
0,reference,0,1.908061
0,reference,1,1.837678
0,reference,2,2.169267
0,reference,3,2.778531
0,reference,4,2.474723
0,reference,5,2.678874
0,reference,6,2.801688
0,reference,7,2.816108
0,reference,8,3.283002
0,reference,9,3.284214
0,reference,10,3.219884
0,reference,11,3.716073
0,reference,12,3.408274
0,reference,13,3.43301
0,reference,14,2.964104
0,reference,15,3.479642
0,reference,16,3.504284
0,reference,17,4.023945
0,reference,18,4.53559
0,reference,19,4.140702
0,reference,20,4.236236
0,reference,21,4.158997
0,reference,22,3.94266
0,reference,23,3.186461
0,reference,24,2.916782
0,reference,25,3.162086
0,reference,26,2.842955
0,reference,27,3.118846
0,reference,28,2.745852
0,reference,29,2.290084
0,reference,30,2.394294
0,reference,31,2.240754
0,reference,32,1.787641
0,reference,33,2.07315
0,reference,34,2.070006
0,reference,35,1.993795
0,reference,36,1.564078
0,reference,37,1.915326
0,reference,38,1.433333
0,optimized,0,0.663582
0,optimized,1,0.619989
0,optimized,2,0.684474
0,optimized,3,0.847716
0,optimized,4,0.721618
0,optimized,5,0.738327
0,optimized,6,0.835849
0,optimized,7,0.804119
0,optimized,8,0.908865
0,optimized,9,0.912245
0,optimized,10,0.832584
0,optimized,11,0.99746
0,optimized,12,0.866819
0,optimized,13,0.878844
0,optimized,14,0.753428
0,optimized,15,0.882235
0,optimized,16,0.915353
0,optimized,17,0.998282
0,optimized,18,1.08968
0,optimized,19,1.021883
0,optimized,20,1.013709
0,optimized,21,1.022064
0,optimized,22,0.994435
0,optimized,23,0.797981
0,optimized,24,0.748387
0,optimized,25,0.783076
0,optimized,26,0.723433
0,optimized,27,0.773848
0,optimized,28,0.706735
0,optimized,29,0.601862
0,optimized,30,0.639257
0,optimized,31,0.605394
0,optimized,32,0.520666
0,optimized,33,0.584984
0,optimized,34,0.595984
0,optimized,35,0.581591
0,optimized,36,0.481285
0,optimized,37,0.591733
0,optimized,38,0.443826
1,optimized,0,0.625622
1,optimized,1,0.604532
1,optimized,2,0.682603
1,optimized,3,0.839792
1,optimized,4,0.717794
1,optimized,5,0.735037
1,optimized,6,0.78354
1,optimized,7,0.820793
1,optimized,8,0.909744
1,optimized,9,0.914061
1,optimized,10,0.813726
1,optimized,11,0.967931
1,optimized,12,0.876522
1,optimized,13,0.872366
1,optimized,14,0.788254
1,optimized,15,0.887883
1,optimized,16,0.894194
1,optimized,17,1.013151
1,optimized,18,1.096831
1,optimized,19,1.020977
1,optimized,20,1.036317
1,optimized,21,0.998124
1,optimized,22,0.988199
1,optimized,23,0.788049
1,optimized,24,0.746653
1,optimized,25,0.790228
1,optimized,26,0.73447
1,optimized,27,0.784519
1,optimized,28,0.731978
1,optimized,29,0.601776
1,optimized,30,0.643203
1,optimized,31,0.606656
1,optimized,32,0.521863
1,optimized,33,0.592127
1,optimized,34,0.591551
1,optimized,35,0.5867
1,optimized,36,0.475443
1,optimized,37,0.573061
1,optimized,38,0.443542
1,reference,0,1.911718
1,reference,1,1.819499
1,reference,2,2.188346
1,reference,3,2.833831
1,reference,4,2.51765
1,reference,5,2.702178
1,reference,6,2.800031
1,reference,7,2.825924
1,reference,8,3.2246
1,reference,9,3.266574
1,reference,10,3.197964
1,reference,11,3.682103
1,reference,12,3.426087
1,reference,13,3.511376
1,reference,14,2.970635
1,reference,15,3.49044
1,reference,16,3.532778
1,reference,17,4.022116
1,reference,18,4.483242
1,reference,19,4.178436
1,reference,20,4.240699
1,reference,21,4.105022
1,reference,22,3.950012
1,reference,23,3.163123
1,reference,24,2.887671
1,reference,25,3.137095
1,reference,26,2.843448
1,reference,27,3.013887
1,reference,28,2.700731
1,reference,29,2.314813
1,reference,30,2.368246
1,reference,31,2.234689
1,reference,32,1.789861
1,reference,33,2.06152
1,reference,34,2.069418
1,reference,35,1.938523
1,reference,36,1.559716
1,reference,37,1.918993
1,reference,38,1.473006
2,reference,0,1.887722
2,reference,1,1.834223
2,reference,2,2.194662
2,reference,3,2.819488
2,reference,4,2.501392
2,reference,5,2.660627
2,reference,6,2.83251
2,reference,7,2.831259
2,reference,8,3.236057
2,reference,9,3.257094
2,reference,10,3.167988
2,reference,11,3.650675
2,reference,12,3.399777
2,reference,13,3.430129
2,reference,14,2.957071
2,reference,15,3.450851
2,reference,16,3.48005
2,reference,17,3.965256
2,reference,18,4.491661
2,reference,19,4.185069
2,reference,20,4.208384
2,reference,21,4.139166
2,reference,22,3.921312
2,reference,23,3.148707
2,reference,24,2.908516
2,reference,25,3.128361
2,reference,26,2.831456
2,reference,27,2.990436
2,reference,28,2.717459
2,reference,29,2.276351
2,reference,30,2.39516
2,reference,31,2.24214
2,reference,32,1.812409
2,reference,33,2.041029
2,reference,34,2.056744
2,reference,35,1.996014
2,reference,36,1.559688
2,reference,37,1.928914
2,reference,38,1.440747
2,optimized,0,0.643824
2,optimized,1,0.617561
2,optimized,2,0.68443
2,optimized,3,0.847338
2,optimized,4,0.722564
2,optimized,5,0.737489
2,optimized,6,0.809553
2,optimized,7,0.810468
2,optimized,8,0.911679
2,optimized,9,0.927101
2,optimized,10,0.828047
2,optimized,11,0.970739
2,optimized,12,0.872674
2,optimized,13,0.890431
2,optimized,14,0.762542
2,optimized,15,0.907865
2,optimized,16,0.90873
2,optimized,17,1.018482
2,optimized,18,1.093517
2,optimized,19,1.025345
2,optimized,20,1.031547
2,optimized,21,1.06703
2,optimized,22,0.975164
2,optimized,23,0.807694
2,optimized,24,0.755369
2,optimized,25,0.788645
2,optimized,26,0.726451
2,optimized,27,0.774306
2,optimized,28,0.717589
2,optimized,29,0.612665
2,optimized,30,0.667572
2,optimized,31,0.61437
2,optimized,32,0.5231
2,optimized,33,0.585527
2,optimized,34,0.58725
2,optimized,35,0.587986
2,optimized,36,0.481328
2,optimized,37,0.572853
2,optimized,38,0.451522
3,optimized,0,0.617662
3,optimized,1,0.596327
3,optimized,2,0.668238
3,optimized,3,0.846191
3,optimized,4,0.714082
3,optimized,5,0.744017
3,optimized,6,0.789551
3,optimized,7,0.801779
3,optimized,8,0.907249
3,optimized,9,0.90866
3,optimized,10,0.814072
3,optimized,11,0.968103
3,optimized,12,0.850753
3,optimized,13,0.881251
3,optimized,14,0.750714
3,optimized,15,0.884929
3,optimized,16,0.896726
3,optimized,17,0.990682
3,optimized,18,1.080721
3,optimized,19,0.99913
3,optimized,20,0.998825
3,optimized,21,1.013087
3,optimized,22,0.994881
3,optimized,23,0.793168
3,optimized,24,0.739903
3,optimized,25,0.770423
3,optimized,26,0.726734
3,optimized,27,0.784523
3,optimized,28,0.740825
3,optimized,29,0.602365
3,optimized,30,0.64068
3,optimized,31,0.597135
3,optimized,32,0.516681
3,optimized,33,0.58263
3,optimized,34,0.589783
3,optimized,35,0.584726
3,optimized,36,0.476456
3,optimized,37,0.571964
3,optimized,38,0.446535
3,reference,0,1.908016
3,reference,1,1.799307
3,reference,2,2.184423
3,reference,3,2.826219
3,reference,4,2.499874
3,reference,5,2.660646
3,reference,6,2.802317
3,reference,7,2.842962
3,reference,8,3.413734
3,reference,9,3.288408
3,reference,10,3.218258
3,reference,11,3.711731
3,reference,12,3.414885
3,reference,13,3.38902
3,reference,14,2.953797
3,reference,15,3.45968
3,reference,16,3.474142
3,reference,17,4.004401
3,reference,18,4.520968
3,reference,19,4.17515
3,reference,20,4.22066
3,reference,21,4.134902
3,reference,22,3.912503
3,reference,23,3.156664
3,reference,24,2.891817
3,reference,25,3.116292
3,reference,26,2.910765
3,reference,27,3.009404
3,reference,28,2.780891
3,reference,29,2.303428
3,reference,30,2.392725
3,reference,31,2.223572
3,reference,32,1.815616
3,reference,33,2.092333
3,reference,34,2.075098
3,reference,35,1.993883
3,reference,36,1.554417
3,reference,37,1.902403
3,reference,38,1.425463
4,reference,0,1.878641
4,reference,1,1.833452
4,reference,2,2.188074
4,reference,3,2.793038
4,reference,4,2.514088
4,reference,5,2.679897
4,reference,6,2.818401
4,reference,7,2.813672
4,reference,8,3.236449
4,reference,9,3.266028
4,reference,10,3.185413
4,reference,11,3.665463
4,reference,12,3.423729
4,reference,13,3.418786
4,reference,14,2.998696
4,reference,15,3.457779
4,reference,16,3.507355
4,reference,17,3.948156
4,reference,18,4.505691
4,reference,19,4.108537
4,reference,20,4.211042
4,reference,21,4.137067
4,reference,22,3.935367
4,reference,23,3.258966
4,reference,24,2.919201
4,reference,25,3.136126
4,reference,26,2.822512
4,reference,27,3.03564
4,reference,28,2.776327
4,reference,29,2.319213
4,reference,30,2.390714
4,reference,31,2.238224
4,reference,32,1.788796
4,reference,33,2.055903
4,reference,34,2.06498
4,reference,35,2.009865
4,reference,36,1.564948
4,reference,37,1.93436
4,reference,38,1.477301
4,optimized,0,0.645731
4,optimized,1,0.618895
4,optimized,2,0.683035
4,optimized,3,0.851358
4,optimized,4,0.7303
4,optimized,5,0.733877
4,optimized,6,0.778691
4,optimized,7,0.80347
4,optimized,8,0.914226
4,optimized,9,0.916138
4,optimized,10,0.818942
4,optimized,11,0.961403
4,optimized,12,0.876039
4,optimized,13,0.887782
4,optimized,14,0.761284
4,optimized,15,0.891417
4,optimized,16,0.895686
4,optimized,17,1.003223
4,optimized,18,1.099881
4,optimized,19,1.01726
4,optimized,20,1.016399
4,optimized,21,0.996429
4,optimized,22,0.997821
4,optimized,23,0.820536
4,optimized,24,0.754613
4,optimized,25,0.78583
4,optimized,26,0.745273
4,optimized,27,0.790678
4,optimized,28,0.721716
4,optimized,29,0.606489
4,optimized,30,0.649215
4,optimized,31,0.639574
4,optimized,32,0.520951
4,optimized,33,0.588044
4,optimized,34,0.590174
4,optimized,35,0.585711
4,optimized,36,0.477114
4,optimized,37,0.578097
4,optimized,38,0.446201
5,optimized,0,0.629307
5,optimized,1,0.597815
5,optimized,2,0.667885
5,optimized,3,0.837634
5,optimized,4,0.723085
5,optimized,5,0.735994
5,optimized,6,0.786657
5,optimized,7,0.797391
5,optimized,8,0.898614
5,optimized,9,0.918263
5,optimized,10,0.807668
5,optimized,11,0.967325
5,optimized,12,0.841576
5,optimized,13,0.863927
5,optimized,14,0.757139
5,optimized,15,0.879803
5,optimized,16,0.905988
5,optimized,17,0.976189
5,optimized,18,1.071433
5,optimized,19,0.991287
5,optimized,20,0.997976
5,optimized,21,0.992764
5,optimized,22,0.951283
5,optimized,23,0.785026
5,optimized,24,0.742728
5,optimized,25,0.771643
5,optimized,26,0.715827
5,optimized,27,0.78874
5,optimized,28,0.698777
5,optimized,29,0.60226
5,optimized,30,0.644755
5,optimized,31,0.601628
5,optimized,32,0.510395
5,optimized,33,0.575509
5,optimized,34,0.580935
5,optimized,35,0.593777
5,optimized,36,0.469267
5,optimized,37,0.569905
5,optimized,38,0.439012
5,reference,0,1.901717
5,reference,1,1.789167
5,reference,2,2.181423
5,reference,3,2.789685
5,reference,4,2.480094
5,reference,5,2.69264
5,reference,6,2.86195
5,reference,7,2.794432
5,reference,8,3.219079
5,reference,9,3.291988
5,reference,10,3.152072
5,reference,11,3.667853
5,reference,12,3.435483
5,reference,13,3.400249
5,reference,14,2.963413
5,reference,15,3.465429
5,reference,16,3.554714
5,reference,17,3.982747
5,reference,18,4.468179
5,reference,19,4.159873
5,reference,20,4.306444
5,reference,21,4.086135
5,reference,22,3.942587
5,reference,23,3.179322
5,reference,24,2.929677
5,reference,25,3.112662
5,reference,26,2.803186
5,reference,27,3.032599
5,reference,28,2.72193
5,reference,29,2.29664
5,reference,30,2.388629
5,reference,31,2.259464
5,reference,32,1.794156
5,reference,33,2.07914
5,reference,34,2.059989
5,reference,35,1.957463
5,reference,36,1.604569
5,reference,37,1.954121
5,reference,38,1.468189
6,reference,0,1.89948
6,reference,1,1.830802
6,reference,2,2.174145
6,reference,3,2.841995
6,reference,4,2.491264
6,reference,5,2.657293
6,reference,6,2.800339
6,reference,7,2.843145
6,reference,8,3.235326
6,reference,9,3.272727
6,reference,10,3.165716
6,reference,11,3.78248
6,reference,12,3.417531
6,reference,13,3.419627
6,reference,14,2.970845
6,reference,15,3.560941
6,reference,16,3.481981
6,reference,17,4.003719
6,reference,18,4.472169
6,reference,19,4.250018
6,reference,20,4.209853
6,reference,21,4.140376
6,reference,22,3.953458
6,reference,23,3.144045
6,reference,24,2.880902
6,reference,25,3.13293
6,reference,26,2.817547
6,reference,27,2.980539
6,reference,28,2.728052
6,reference,29,2.293414
6,reference,30,2.397852
6,reference,31,2.257326
6,reference,32,1.789517
6,reference,33,2.064887
6,reference,34,2.088626
6,reference,35,1.978907
6,reference,36,1.558118
6,reference,37,1.931185
6,reference,38,1.440532
6,optimized,0,0.641456
6,optimized,1,0.612716
6,optimized,2,0.678097
6,optimized,3,0.847113
6,optimized,4,0.729033
6,optimized,5,0.742398
6,optimized,6,0.800026
6,optimized,7,0.800786
6,optimized,8,0.906521
6,optimized,9,0.920376
6,optimized,10,0.828026
6,optimized,11,0.970683
6,optimized,12,0.851883
6,optimized,13,0.883501
6,optimized,14,0.752734
6,optimized,15,0.89131
6,optimized,16,0.921102
6,optimized,17,0.998385
6,optimized,18,1.101449
6,optimized,19,1.015782
6,optimized,20,1.007042
6,optimized,21,1.001546
6,optimized,22,1.001298
6,optimized,23,0.808982
6,optimized,24,0.745554
6,optimized,25,0.775259
6,optimized,26,0.732585
6,optimized,27,0.778291
6,optimized,28,0.715336
6,optimized,29,0.614248
6,optimized,30,0.666476
6,optimized,31,0.601821
6,optimized,32,0.521495
6,optimized,33,0.578212
6,optimized,34,0.585979
6,optimized,35,0.584329
6,optimized,36,0.47513
6,optimized,37,0.57115
6,optimized,38,0.440057
7,optimized,0,0.615687
7,optimized,1,0.594421
7,optimized,2,0.662126
7,optimized,3,0.840388
7,optimized,4,0.711871
7,optimized,5,0.729472
7,optimized,6,0.787061
7,optimized,7,0.788982
7,optimized,8,0.896434
7,optimized,9,0.899555
7,optimized,10,0.80555
7,optimized,11,0.971552
7,optimized,12,0.838578
7,optimized,13,0.877708
7,optimized,14,0.744636
7,optimized,15,0.885345
7,optimized,16,0.901626
7,optimized,17,1.001685
7,optimized,18,1.077029
7,optimized,19,0.999622
7,optimized,20,1.000097
7,optimized,21,1.005997
7,optimized,22,0.985987
7,optimized,23,0.799179
7,optimized,24,0.783838
7,optimized,25,0.78875
7,optimized,26,0.735264
7,optimized,27,0.785129
7,optimized,28,0.732396
7,optimized,29,0.614193
7,optimized,30,0.653762
7,optimized,31,0.614849
7,optimized,32,0.519176
7,optimized,33,0.58695
7,optimized,34,0.591616
7,optimized,35,0.586887
7,optimized,36,0.483884
7,optimized,37,0.574835
7,optimized,38,0.448821
7,reference,0,1.944177
7,reference,1,1.816521
7,reference,2,2.188377
7,reference,3,2.769742
7,reference,4,2.503556
7,reference,5,2.66699
7,reference,6,2.817118
7,reference,7,2.926221
7,reference,8,3.210869
7,reference,9,3.297277
7,reference,10,3.167047
7,reference,11,3.736556
7,reference,12,3.390332
7,reference,13,3.413068
7,reference,14,2.973619
7,reference,15,3.460029
7,reference,16,3.507885
7,reference,17,3.956766
7,reference,18,4.526598
7,reference,19,4.709521
7,reference,20,4.373286
7,reference,21,4.18659
7,reference,22,3.927914
7,reference,23,3.196024
7,reference,24,2.891684
7,reference,25,3.129985
7,reference,26,2.845131
7,reference,27,3.029832
7,reference,28,2.748754
7,reference,29,2.309838
7,reference,30,2.406358
7,reference,31,2.25889
7,reference,32,1.795372
7,reference,33,2.11938
7,reference,34,2.066951
7,reference,35,2.021039
7,reference,36,1.556526
7,reference,37,1.960241
7,reference,38,1.462836
8,reference,0,1.903493
8,reference,1,1.851766
8,reference,2,2.187558
8,reference,3,2.781801
8,reference,4,2.518065
8,reference,5,2.738834
8,reference,6,2.832156
8,reference,7,2.836072
8,reference,8,3.2182
8,reference,9,3.263833
8,reference,10,3.167203
8,reference,11,3.683248
8,reference,12,3.423403
8,reference,13,3.477195
8,reference,14,2.978141
8,reference,15,3.478653
8,reference,16,3.4808
8,reference,17,4.014415
8,reference,18,4.513088
8,reference,19,4.169203
8,reference,20,4.282156
8,reference,21,4.114161
8,reference,22,3.942183
8,reference,23,3.19029
8,reference,24,2.972082
8,reference,25,3.186204
8,reference,26,2.843095
8,reference,27,2.994355
8,reference,28,2.724104
8,reference,29,2.335907
8,reference,30,2.397475
8,reference,31,2.223015
8,reference,32,1.781844
8,reference,33,2.07742
8,reference,34,2.093328
8,reference,35,1.955077
8,reference,36,1.561306
8,reference,37,1.976529
8,reference,38,1.439865
8,optimized,0,0.662297
8,optimized,1,0.615793
8,optimized,2,0.684781
8,optimized,3,0.874176
8,optimized,4,0.716931
8,optimized,5,0.738977
8,optimized,6,0.786767
8,optimized,7,0.805014
8,optimized,8,0.917092
8,optimized,9,0.906533
8,optimized,10,0.82087
8,optimized,11,0.967597
8,optimized,12,0.880049
8,optimized,13,0.904137
8,optimized,14,0.775656
8,optimized,15,0.890854
8,optimized,16,0.902941
8,optimized,17,1.002067
8,optimized,18,1.134177
8,optimized,19,1.015092
8,optimized,20,1.020059
8,optimized,21,1.003737
8,optimized,22,0.976796
8,optimized,23,0.808087
8,optimized,24,0.743874
8,optimized,25,0.772954
8,optimized,26,0.72536
8,optimized,27,0.770702
8,optimized,28,0.712361
8,optimized,29,0.596508
8,optimized,30,0.634153
8,optimized,31,0.610043
8,optimized,32,0.51591
8,optimized,33,0.57977
8,optimized,34,0.586348
8,optimized,35,0.578441
8,optimized,36,0.472704
8,optimized,37,0.581211
8,optimized,38,0.448638
9,optimized,0,0.622048
9,optimized,1,0.605434
9,optimized,2,0.674347
9,optimized,3,0.84235
9,optimized,4,0.716819
9,optimized,5,0.746162
9,optimized,6,0.793933
9,optimized,7,0.802104
9,optimized,8,0.916532
9,optimized,9,0.941244
9,optimized,10,0.807395
9,optimized,11,0.980936
9,optimized,12,0.859915
9,optimized,13,0.880511
9,optimized,14,0.756402
9,optimized,15,0.889439
9,optimized,16,0.920155
9,optimized,17,1.003169
9,optimized,18,1.092663
9,optimized,19,1.015017
9,optimized,20,1.010352
9,optimized,21,1.014242
9,optimized,22,0.976252
9,optimized,23,0.804773
9,optimized,24,0.756206
9,optimized,25,0.782508
9,optimized,26,0.765188
9,optimized,27,0.772362
9,optimized,28,0.722906
9,optimized,29,0.602885
9,optimized,30,0.637394
9,optimized,31,0.61118
9,optimized,32,0.514783
9,optimized,33,0.579955
9,optimized,34,0.590741
9,optimized,35,0.579805
9,optimized,36,0.479572
9,optimized,37,0.573236
9,optimized,38,0.446683
9,reference,0,1.94681
9,reference,1,1.866923
9,reference,2,2.220599
9,reference,3,2.790534
9,reference,4,2.529759
9,reference,5,2.697468
9,reference,6,2.802123
9,reference,7,2.845072
9,reference,8,3.236917
9,reference,9,3.258933
9,reference,10,3.135067
9,reference,11,3.643499
9,reference,12,3.484174
9,reference,13,3.447929
9,reference,14,2.999305
9,reference,15,3.48611
9,reference,16,3.481953
9,reference,17,3.978526
9,reference,18,4.462334
9,reference,19,4.120423
9,reference,20,4.180658
9,reference,21,4.126234
9,reference,22,3.927609
9,reference,23,3.17782
9,reference,24,2.922011
9,reference,25,3.130841
9,reference,26,2.825228
9,reference,27,3.02524
9,reference,28,2.710209
9,reference,29,2.308614
9,reference,30,2.385869
9,reference,31,2.287728
9,reference,32,1.802343
9,reference,33,2.069229
9,reference,34,2.067846
9,reference,35,2.014322
9,reference,36,1.587725
9,reference,37,1.939111
9,reference,38,1.47037
10,reference,0,1.885039
10,reference,1,1.822027
10,reference,2,2.168838
10,reference,3,2.799971
10,reference,4,2.491494
10,reference,5,2.709706
10,reference,6,2.845925
10,reference,7,2.83587
10,reference,8,3.245778
10,reference,9,3.271767
10,reference,10,3.183084
10,reference,11,3.667483
10,reference,12,3.44107
10,reference,13,3.403714
10,reference,14,2.968783
10,reference,15,3.428919
10,reference,16,3.475281
10,reference,17,3.999753
10,reference,18,4.498532
10,reference,19,4.155381
10,reference,20,4.259916
10,reference,21,4.157865
10,reference,22,3.955709
10,reference,23,3.214447
10,reference,24,2.900811
10,reference,25,3.16299
10,reference,26,2.816412
10,reference,27,2.99732
10,reference,28,2.710877
10,reference,29,2.325141
10,reference,30,2.386305
10,reference,31,2.247358
10,reference,32,1.794962
10,reference,33,2.077438
10,reference,34,2.078354
10,reference,35,1.97353
10,reference,36,1.578531
10,reference,37,1.93104
10,reference,38,1.447959
10,optimized,0,0.653849
10,optimized,1,0.615755
10,optimized,2,0.685538
10,optimized,3,0.847211
10,optimized,4,0.726413
10,optimized,5,0.74567
10,optimized,6,0.790196
10,optimized,7,0.802722
10,optimized,8,0.908383
10,optimized,9,0.919242
10,optimized,10,0.852072
10,optimized,11,0.968253
10,optimized,12,0.85753
10,optimized,13,0.886274
10,optimized,14,0.758566
10,optimized,15,0.910002
10,optimized,16,0.902088
10,optimized,17,1.04814
10,optimized,18,1.124536
10,optimized,19,1.019199
10,optimized,20,1.068861
10,optimized,21,1.010531
10,optimized,22,0.981778
10,optimized,23,0.803685
10,optimized,24,0.758575
10,optimized,25,0.785663
10,optimized,26,0.752804
10,optimized,27,0.795401
10,optimized,28,0.716596
10,optimized,29,0.606983
10,optimized,30,0.650068
10,optimized,31,0.609291
10,optimized,32,0.520333
10,optimized,33,0.600219
10,optimized,34,0.596494
10,optimized,35,0.582408
10,optimized,36,0.478778
10,optimized,37,0.577176
10,optimized,38,0.446416
11,optimized,0,0.621058
11,optimized,1,0.603974
11,optimized,2,0.679319
11,optimized,3,0.849782
11,optimized,4,0.721291
11,optimized,5,0.737495
11,optimized,6,0.787708
11,optimized,7,0.795399
11,optimized,8,0.917611
11,optimized,9,0.91204
11,optimized,10,0.820706
11,optimized,11,0.959862
11,optimized,12,0.860904
11,optimized,13,0.900573
11,optimized,14,0.756868
11,optimized,15,0.887425
11,optimized,16,0.882217
11,optimized,17,0.98228
11,optimized,18,1.130475
11,optimized,19,1.028145
11,optimized,20,1.008518
11,optimized,21,0.991807
11,optimized,22,0.965404
11,optimized,23,0.812183
11,optimized,24,0.749155
11,optimized,25,0.77004
11,optimized,26,0.737359
11,optimized,27,0.785077
11,optimized,28,0.707469
11,optimized,29,0.607022
11,optimized,30,0.659324
11,optimized,31,0.600268
11,optimized,32,0.513957
11,optimized,33,0.578854
11,optimized,34,0.583578
11,optimized,35,0.579401
11,optimized,36,0.482745
11,optimized,37,0.574692
11,optimized,38,0.443248
11,reference,0,1.9327
11,reference,1,1.814303
11,reference,2,2.185427
11,reference,3,2.766713
11,reference,4,2.526119
11,reference,5,2.685102
11,reference,6,2.878721
11,reference,7,2.818906
11,reference,8,3.232633
11,reference,9,3.264677
11,reference,10,3.172346
11,reference,11,3.710181
11,reference,12,3.429765
11,reference,13,3.377385
11,reference,14,2.949947
11,reference,15,3.441498
11,reference,16,16.453621
11,reference,17,4.437377
11,reference,18,4.742231
11,reference,19,4.405281
11,reference,20,4.321802
11,reference,21,4.205153
11,reference,22,3.998455
11,reference,23,3.266955
11,reference,24,3.007649
11,reference,25,3.199978
11,reference,26,2.834265
11,reference,27,3.068243
11,reference,28,2.720781
11,reference,29,2.272902
11,reference,30,2.404609
11,reference,31,2.255468
11,reference,32,1.793345
11,reference,33,2.077625
11,reference,34,2.079685
11,reference,35,1.973014
11,reference,36,1.565905
11,reference,37,1.918183
11,reference,38,1.437395
12,reference,0,1.930907
12,reference,1,1.813089
12,reference,2,2.180769
12,reference,3,2.808902
12,reference,4,2.504184
12,reference,5,2.702362
12,reference,6,2.780461
12,reference,7,2.811065
12,reference,8,3.223727
12,reference,9,3.317944
12,reference,10,3.148495
12,reference,11,3.703411
12,reference,12,3.43949
12,reference,13,3.448274
12,reference,14,2.971352
12,reference,15,3.435352
12,reference,16,3.48505
12,reference,17,3.987884
12,reference,18,4.490665
12,reference,19,4.17343
12,reference,20,4.181202
12,reference,21,4.12298
12,reference,22,3.932308
12,reference,23,3.183628
12,reference,24,2.919385
12,reference,25,3.168071
12,reference,26,2.946141
12,reference,27,2.996262
12,reference,28,2.740733
12,reference,29,2.27487
12,reference,30,2.387239
12,reference,31,2.204097
12,reference,32,1.790954
12,reference,33,2.067372
12,reference,34,2.065845
12,reference,35,1.977313
12,reference,36,1.573436
12,reference,37,1.934493
12,reference,38,1.440883
12,optimized,0,0.663369
12,optimized,1,0.616541
12,optimized,2,0.679129
12,optimized,3,0.845386
12,optimized,4,0.730272
12,optimized,5,0.745453
12,optimized,6,0.788763
12,optimized,7,0.804692
12,optimized,8,0.917335
12,optimized,9,0.902957
12,optimized,10,0.823252
12,optimized,11,0.979857
12,optimized,12,0.862518
12,optimized,13,0.884275
12,optimized,14,0.765703
12,optimized,15,0.895533
12,optimized,16,0.92613
12,optimized,17,1.001765
12,optimized,18,1.099282
12,optimized,19,1.055126
12,optimized,20,1.013167
12,optimized,21,1.0278
12,optimized,22,0.993717
12,optimized,23,0.796809
12,optimized,24,0.751779
12,optimized,25,0.780241
12,optimized,26,0.727423
12,optimized,27,0.802944
12,optimized,28,0.722021
12,optimized,29,0.611497
12,optimized,30,0.65453
12,optimized,31,0.610774
12,optimized,32,0.517828
12,optimized,33,0.584305
12,optimized,34,0.595225
12,optimized,35,0.578869
12,optimized,36,0.498553
12,optimized,37,0.580006
12,optimized,38,0.448756
13,optimized,0,0.635082
13,optimized,1,0.601304
13,optimized,2,0.693096
13,optimized,3,0.844727
13,optimized,4,0.717069
13,optimized,5,0.732782
13,optimized,6,0.792289
13,optimized,7,0.803155
13,optimized,8,0.917046
13,optimized,9,0.903265
13,optimized,10,0.810249
13,optimized,11,0.964463
13,optimized,12,0.858728
13,optimized,13,0.892172
13,optimized,14,0.755218
13,optimized,15,0.88485
13,optimized,16,0.89816
13,optimized,17,0.999761
13,optimized,18,1.097971
13,optimized,19,1.04327
13,optimized,20,1.030239
13,optimized,21,1.03378
13,optimized,22,0.968337
13,optimized,23,0.819095
13,optimized,24,0.754905
13,optimized,25,0.781513
13,optimized,26,0.729435
13,optimized,27,0.777024
13,optimized,28,0.713683
13,optimized,29,0.605402
13,optimized,30,0.665375
13,optimized,31,0.612357
13,optimized,32,0.522652
13,optimized,33,0.584882
13,optimized,34,0.596507
13,optimized,35,0.585242
13,optimized,36,0.478875
13,optimized,37,0.587432
13,optimized,38,0.448
13,reference,0,1.970385
13,reference,1,1.798378
13,reference,2,2.1896
13,reference,3,2.789623
13,reference,4,2.541691
13,reference,5,2.680015
13,reference,6,2.820093
13,reference,7,2.823482
13,reference,8,3.235073
13,reference,9,3.275823
13,reference,10,3.182687
13,reference,11,3.69201
13,reference,12,3.416991
13,reference,13,3.456276
13,reference,14,3.020594
13,reference,15,3.451781
13,reference,16,3.486762
13,reference,17,4.00601
13,reference,18,4.52019
13,reference,19,4.171309
13,reference,20,4.250268
13,reference,21,4.15902
13,reference,22,3.906969
13,reference,23,3.261832
13,reference,24,2.904913
13,reference,25,3.19139
13,reference,26,2.855274
13,reference,27,2.988683
13,reference,28,2.726227
13,reference,29,2.27746
13,reference,30,2.383821
13,reference,31,2.270625
13,reference,32,1.788549
13,reference,33,2.08621
13,reference,34,2.058123
13,reference,35,2.03204
13,reference,36,1.558255
13,reference,37,1.919821
13,reference,38,1.448388
14,reference,0,1.881809
14,reference,1,1.806927
14,reference,2,2.177964
14,reference,3,2.842336
14,reference,4,2.509068
14,reference,5,2.671561
14,reference,6,2.781672
14,reference,7,2.885868
14,reference,8,3.257315
14,reference,9,3.291001
14,reference,10,3.160078
14,reference,11,3.701024
14,reference,12,3.404294
14,reference,13,3.392914
14,reference,14,2.975488
14,reference,15,3.468508
14,reference,16,3.537939
14,reference,17,3.996841
14,reference,18,4.483874
14,reference,19,4.171161
14,reference,20,4.207897
14,reference,21,4.11359
14,reference,22,3.951177
14,reference,23,3.18057
14,reference,24,2.932714
14,reference,25,3.124047
14,reference,26,2.852862
14,reference,27,3.023548
14,reference,28,2.718326
14,reference,29,2.286826
14,reference,30,2.385475
14,reference,31,2.26909
14,reference,32,1.778541
14,reference,33,2.068202
14,reference,34,2.068799
14,reference,35,1.968193
14,reference,36,1.562746
14,reference,37,1.921496
14,reference,38,1.435004
14,optimized,0,0.660717
14,optimized,1,0.61735
14,optimized,2,0.681131
14,optimized,3,0.848372
14,optimized,4,0.726068
14,optimized,5,0.737778
14,optimized,6,0.790622
14,optimized,7,0.807478
14,optimized,8,0.912588
14,optimized,9,0.920376
14,optimized,10,0.849147
14,optimized,11,0.985667
14,optimized,12,0.871747
14,optimized,13,0.881665
14,optimized,14,0.757963
14,optimized,15,0.907201
14,optimized,16,0.902025
14,optimized,17,1.00588
14,optimized,18,1.091531
14,optimized,19,1.013441
14,optimized,20,1.027751
14,optimized,21,1.011758
14,optimized,22,0.976261
14,optimized,23,0.801109
14,optimized,24,0.759676
14,optimized,25,0.802208
14,optimized,26,0.729397
14,optimized,27,0.777394
14,optimized,28,0.707738
14,optimized,29,0.611843
14,optimized,30,0.64728
14,optimized,31,0.607824
14,optimized,32,0.511106
14,optimized,33,0.57548
14,optimized,34,0.582669
14,optimized,35,0.569868
14,optimized,36,0.471935
14,optimized,37,0.575027
14,optimized,38,0.452001
15,optimized,0,0.608328
15,optimized,1,0.593966
15,optimized,2,0.667212
15,optimized,3,0.834614
15,optimized,4,0.710819
15,optimized,5,0.738849
15,optimized,6,0.779974
15,optimized,7,0.789499
15,optimized,8,0.91219
15,optimized,9,0.898603
15,optimized,10,0.813419
15,optimized,11,0.95272
15,optimized,12,0.859119
15,optimized,13,0.898524
15,optimized,14,0.757032
15,optimized,15,0.89527
15,optimized,16,0.894009
15,optimized,17,1.011262
15,optimized,18,1.113686
15,optimized,19,1.023834
15,optimized,20,1.014045
15,optimized,21,1.005787
15,optimized,22,0.977578
15,optimized,23,0.818006
15,optimized,24,0.75919
15,optimized,25,0.785883
15,optimized,26,0.724995
15,optimized,27,0.777628
15,optimized,28,0.725996
15,optimized,29,0.612901
15,optimized,30,0.643459
15,optimized,31,0.606984
15,optimized,32,0.520055
15,optimized,33,0.582849
15,optimized,34,0.594284
15,optimized,35,0.587285
15,optimized,36,0.484659
15,optimized,37,0.600208
15,optimized,38,0.451276
15,reference,0,1.949291
15,reference,1,1.808822
15,reference,2,2.198146
15,reference,3,2.790601
15,reference,4,2.50473
15,reference,5,2.681746
15,reference,6,2.829221
15,reference,7,2.835558
15,reference,8,3.285965
15,reference,9,3.290237
15,reference,10,3.166703
15,reference,11,3.663118
15,reference,12,3.420644
15,reference,13,3.385952
15,reference,14,2.973277
15,reference,15,3.470302
15,reference,16,3.496421
15,reference,17,3.966428
15,reference,18,4.549648
15,reference,19,4.182421
15,reference,20,4.251522
15,reference,21,4.126158
15,reference,22,3.943382
15,reference,23,3.203447
15,reference,24,2.96439
15,reference,25,3.112465
15,reference,26,2.838717
15,reference,27,3.018051
15,reference,28,2.715252
15,reference,29,2.291312
15,reference,30,2.385488
15,reference,31,2.219844
15,reference,32,1.805183
15,reference,33,2.064645
15,reference,34,2.067
15,reference,35,1.975543
15,reference,36,1.559953
15,reference,37,1.92036
15,reference,38,1.442041
16,reference,0,1.909051
16,reference,1,1.856423
16,reference,2,2.181319
16,reference,3,2.787806
16,reference,4,2.505097
16,reference,5,2.712574
16,reference,6,2.802861
16,reference,7,2.822921
16,reference,8,3.268844
16,reference,9,3.305714
16,reference,10,3.171271
16,reference,11,3.720046
16,reference,12,3.457191
16,reference,13,3.417371
16,reference,14,2.970315
16,reference,15,3.454771
16,reference,16,3.50594
16,reference,17,4.009543
16,reference,18,4.491085
16,reference,19,4.178741
16,reference,20,4.211999
16,reference,21,4.120475
16,reference,22,3.955656
16,reference,23,3.174367
16,reference,24,2.927253
16,reference,25,3.127148
16,reference,26,2.852204
16,reference,27,3.012778
16,reference,28,2.759802
16,reference,29,2.290793
16,reference,30,2.419775
16,reference,31,2.248527
16,reference,32,1.812358
16,reference,33,2.060388
16,reference,34,2.136883
16,reference,35,1.972347
16,reference,36,1.558062
16,reference,37,1.9254
16,reference,38,1.427569
16,optimized,0,0.655006
16,optimized,1,0.619255
16,optimized,2,0.68343
16,optimized,3,0.851014
16,optimized,4,0.722346
16,optimized,5,0.736238
16,optimized,6,0.817118
16,optimized,7,0.828686
16,optimized,8,0.919716
16,optimized,9,0.916995
16,optimized,10,0.82271
16,optimized,11,0.972392
16,optimized,12,0.871989
16,optimized,13,0.892489
16,optimized,14,0.765981
16,optimized,15,0.909701
16,optimized,16,0.892274
16,optimized,17,1.003977
16,optimized,18,1.108817
16,optimized,19,1.03436
16,optimized,20,1.036239
16,optimized,21,1.015035
16,optimized,22,0.983306
16,optimized,23,0.827157
16,optimized,24,0.755397
16,optimized,25,0.784868
16,optimized,26,0.74202
16,optimized,27,0.790416
16,optimized,28,0.722998
16,optimized,29,0.612766
16,optimized,30,0.651023
16,optimized,31,0.616972
16,optimized,32,0.520446
16,optimized,33,0.589056
16,optimized,34,0.595333
16,optimized,35,0.584446
16,optimized,36,0.48409
16,optimized,37,0.576907
16,optimized,38,0.455827
17,optimized,0,0.627871
17,optimized,1,0.604822
17,optimized,2,0.678295
17,optimized,3,0.849225
17,optimized,4,0.718382
17,optimized,5,0.742595
17,optimized,6,0.793445
17,optimized,7,0.795617
17,optimized,8,0.91334
17,optimized,9,0.923013
17,optimized,10,0.819902
17,optimized,11,0.974059
17,optimized,12,0.899439
17,optimized,13,0.898059
17,optimized,14,0.777209
17,optimized,15,0.894213
17,optimized,16,0.894622
17,optimized,17,1.007867
17,optimized,18,1.094232
17,optimized,19,1.025863
17,optimized,20,1.018726
17,optimized,21,1.011281
17,optimized,22,0.975262
17,optimized,23,0.805185
17,optimized,24,0.757996
17,optimized,25,0.788501
17,optimized,26,0.736582
17,optimized,27,0.77578
17,optimized,28,0.711837
17,optimized,29,0.602056
17,optimized,30,0.640166
17,optimized,31,0.601947
17,optimized,32,0.52649
17,optimized,33,0.587235
17,optimized,34,0.593701
17,optimized,35,0.580868
17,optimized,36,0.477273
17,optimized,37,0.581397
17,optimized,38,0.47272
17,reference,0,1.936438
17,reference,1,1.847332
17,reference,2,2.219965
17,reference,3,2.781908
17,reference,4,2.536748
17,reference,5,2.693471
17,reference,6,2.86905
17,reference,7,2.822901
17,reference,8,3.241434
17,reference,9,3.28984
17,reference,10,3.229938
17,reference,11,3.712759
17,reference,12,3.445727
17,reference,13,3.441552
17,reference,14,2.997829
17,reference,15,3.460498
17,reference,16,3.469182
17,reference,17,3.995395
17,reference,18,4.572993
17,reference,19,4.185213
17,reference,20,4.261251
17,reference,21,4.251518
17,reference,22,4.046015
17,reference,23,3.177958
17,reference,24,2.904995
17,reference,25,3.126905
17,reference,26,2.821654
17,reference,27,2.997478
17,reference,28,2.709609
17,reference,29,2.348154
17,reference,30,2.439236
17,reference,31,2.232969
17,reference,32,1.809961
17,reference,33,2.080518
17,reference,34,2.074904
17,reference,35,1.976693
17,reference,36,1.57185
17,reference,37,1.921807
17,reference,38,1.434403
18,reference,0,1.896139
18,reference,1,1.852563
18,reference,2,2.170089
18,reference,3,2.78447
18,reference,4,2.518647
18,reference,5,2.739554
18,reference,6,2.828473
18,reference,7,2.848884
18,reference,8,3.257033
18,reference,9,3.273502
18,reference,10,3.17523
18,reference,11,3.675596
18,reference,12,3.410991
18,reference,13,3.452508
18,reference,14,2.993552
18,reference,15,3.487383
18,reference,16,3.524098
18,reference,17,4.01001
18,reference,18,4.524414
18,reference,19,4.234754
18,reference,20,4.214888
18,reference,21,4.132475
18,reference,22,3.950292
18,reference,23,3.208508
18,reference,24,2.937008
18,reference,25,3.143983
18,reference,26,2.855053
18,reference,27,3.046867
18,reference,28,2.718819
18,reference,29,2.279494
18,reference,30,2.395265
18,reference,31,2.241167
18,reference,32,1.778127
18,reference,33,2.097204
18,reference,34,2.073643
18,reference,35,1.970307
18,reference,36,1.561891
18,reference,37,1.948617
18,reference,38,1.455041
18,optimized,0,0.667593
18,optimized,1,0.648451
18,optimized,2,0.689171
18,optimized,3,0.858474
18,optimized,4,0.723633
18,optimized,5,0.758249
18,optimized,6,0.805228
18,optimized,7,0.813191
18,optimized,8,0.943143
18,optimized,9,0.922706
18,optimized,10,0.828907
18,optimized,11,0.98187
18,optimized,12,0.862435
18,optimized,13,0.897422
18,optimized,14,0.764728
18,optimized,15,0.896762
18,optimized,16,0.902851
18,optimized,17,1.029992
18,optimized,18,1.096578
18,optimized,19,1.021121
18,optimized,20,1.020436
18,optimized,21,1.008172
18,optimized,22,0.98673
18,optimized,23,0.832506
18,optimized,24,0.752256
18,optimized,25,0.790576
18,optimized,26,0.733837
18,optimized,27,0.791837
18,optimized,28,0.723404
18,optimized,29,0.611
18,optimized,30,0.672272
18,optimized,31,0.614237
18,optimized,32,0.520201
18,optimized,33,0.597884
18,optimized,34,0.603585
18,optimized,35,0.578723
18,optimized,36,0.480801
18,optimized,37,0.575563
18,optimized,38,0.452313
19,optimized,0,0.620552
19,optimized,1,0.600693
19,optimized,2,0.668764
19,optimized,3,0.830897
19,optimized,4,0.710849
19,optimized,5,0.739229
19,optimized,6,0.786836
19,optimized,7,0.811899
19,optimized,8,0.902063
19,optimized,9,0.904496
19,optimized,10,0.806457
19,optimized,11,0.952041
19,optimized,12,0.846641
19,optimized,13,0.889602
19,optimized,14,0.75236
19,optimized,15,0.895016
19,optimized,16,0.893363
19,optimized,17,0.976416
19,optimized,18,1.082814
19,optimized,19,1.004857
19,optimized,20,1.00081
19,optimized,21,1.013497
19,optimized,22,0.969458
19,optimized,23,0.807495
19,optimized,24,0.744731
19,optimized,25,0.769775
19,optimized,26,0.722927
19,optimized,27,0.788813
19,optimized,28,0.725199
19,optimized,29,0.602746
19,optimized,30,0.640905
19,optimized,31,0.600503
19,optimized,32,0.521324
19,optimized,33,0.584705
19,optimized,34,0.596387
19,optimized,35,0.583701
19,optimized,36,0.474824
19,optimized,37,0.572006
19,optimized,38,0.446175
19,reference,0,1.930348
19,reference,1,1.85288
19,reference,2,2.180293
19,reference,3,2.804979
19,reference,4,2.499464
19,reference,5,2.668424
19,reference,6,2.819367
19,reference,7,2.861212
19,reference,8,3.251989
19,reference,9,3.301881
19,reference,10,3.171606
19,reference,11,3.724712
19,reference,12,3.431811
19,reference,13,3.440261
19,reference,14,2.967155
19,reference,15,3.535269
19,reference,16,3.48843
19,reference,17,4.04911
19,reference,18,4.541257
19,reference,19,4.216192
19,reference,20,4.228575
19,reference,21,4.199062
19,reference,22,3.965434
19,reference,23,3.208547
19,reference,24,2.915086
19,reference,25,3.215442
19,reference,26,2.83566
19,reference,27,2.997013
19,reference,28,2.737729
19,reference,29,2.285426
19,reference,30,2.385932
19,reference,31,2.249979
19,reference,32,1.792723
19,reference,33,2.071775
19,reference,34,2.079289
19,reference,35,1.987664
19,reference,36,1.556893
19,reference,37,1.919667
19,reference,38,1.445857
20,reference,0,1.901698
20,reference,1,1.849258
20,reference,2,2.174969
20,reference,3,2.791328
20,reference,4,2.556659
20,reference,5,2.751019
20,reference,6,2.81039
20,reference,7,2.842215
20,reference,8,3.266941
20,reference,9,3.283479
20,reference,10,3.186265
20,reference,11,3.838781
20,reference,12,3.644797
20,reference,13,3.488877
20,reference,14,2.983735
20,reference,15,3.620674
20,reference,16,3.484437
20,reference,17,4.029475
20,reference,18,4.934548
20,reference,19,4.304832
20,reference,20,4.314523
20,reference,21,4.141704
20,reference,22,3.93601
20,reference,23,3.221363
20,reference,24,2.945964
20,reference,25,3.167737
20,reference,26,2.86317
20,reference,27,3.029195
20,reference,28,2.783817
20,reference,29,2.283596
20,reference,30,2.410759
20,reference,31,2.241243
20,reference,32,1.809615
20,reference,33,2.10261
20,reference,34,2.097177
20,reference,35,1.975061
20,reference,36,1.561677
20,reference,37,1.911807
20,reference,38,1.467725
20,optimized,0,0.667737
20,optimized,1,0.625983
20,optimized,2,0.687222
20,optimized,3,0.865035
20,optimized,4,0.733935
20,optimized,5,0.751189
20,optimized,6,0.787436
20,optimized,7,0.81994
20,optimized,8,0.921161
20,optimized,9,0.924785
20,optimized,10,0.816613
20,optimized,11,0.954721
20,optimized,12,0.863804
20,optimized,13,0.887219
20,optimized,14,0.766979
20,optimized,15,0.901701
20,optimized,16,0.89484
20,optimized,17,1.013778
20,optimized,18,1.112243
20,optimized,19,1.047232
20,optimized,20,1.008729
20,optimized,21,1.005737
20,optimized,22,0.983182
20,optimized,23,0.803145
20,optimized,24,0.752821
20,optimized,25,0.783053
20,optimized,26,0.746213
20,optimized,27,0.789974
20,optimized,28,0.722352
20,optimized,29,0.611919
20,optimized,30,0.649561
20,optimized,31,0.606582
20,optimized,32,0.547172
20,optimized,33,0.595787
20,optimized,34,0.593312
20,optimized,35,0.579487
20,optimized,36,0.476227
20,optimized,37,0.58706
20,optimized,38,0.456417
21,optimized,0,0.623327
21,optimized,1,0.601492
21,optimized,2,0.672409
21,optimized,3,0.830032
21,optimized,4,0.709064
21,optimized,5,0.734003
21,optimized,6,0.798223
21,optimized,7,0.791518
21,optimized,8,0.908359
21,optimized,9,0.914648
21,optimized,10,0.812318
21,optimized,11,0.981647
21,optimized,12,0.847134
21,optimized,13,0.867659
21,optimized,14,0.75488
21,optimized,15,0.893537
21,optimized,16,0.90893
21,optimized,17,1.014297
21,optimized,18,1.089035
21,optimized,19,1.012968
21,optimized,20,1.0097
21,optimized,21,1.022809
21,optimized,22,0.980611
21,optimized,23,0.810892
21,optimized,24,0.750075
21,optimized,25,0.784269
21,optimized,26,0.733022
21,optimized,27,0.790725
21,optimized,28,0.724883
21,optimized,29,0.640276
21,optimized,30,0.657973
21,optimized,31,0.614262
21,optimized,32,0.52822
21,optimized,33,0.598533
21,optimized,34,0.610866
21,optimized,35,0.596223
21,optimized,36,0.487765
21,optimized,37,0.583973
21,optimized,38,0.457333
21,reference,0,1.938802
21,reference,1,1.863242
21,reference,2,2.215269
21,reference,3,2.793396
21,reference,4,2.536183
21,reference,5,2.672948
21,reference,6,2.811463
21,reference,7,2.870703
21,reference,8,3.276059
21,reference,9,3.337103
21,reference,10,3.159079
21,reference,11,3.741176
21,reference,12,3.45557
21,reference,13,3.454688
21,reference,14,2.977316
21,reference,15,3.563644
21,reference,16,3.52254
21,reference,17,4.061761
21,reference,18,4.584989
21,reference,19,4.324594
21,reference,20,4.285888
21,reference,21,4.101946
21,reference,22,3.940697
21,reference,23,3.192606
21,reference,24,2.914927
21,reference,25,3.132282
21,reference,26,2.863948
21,reference,27,3.028276
21,reference,28,2.731286
21,reference,29,2.281733
21,reference,30,2.408733
21,reference,31,2.266735
21,reference,32,1.823163
21,reference,33,2.123764
21,reference,34,2.067576
21,reference,35,1.995654
21,reference,36,1.567781
21,reference,37,2.018154
21,reference,38,1.456974
22,reference,0,1.890151
22,reference,1,1.853543
22,reference,2,2.188549
22,reference,3,2.77354
22,reference,4,2.507782
22,reference,5,2.734675
22,reference,6,2.810107
22,reference,7,2.885653
22,reference,8,3.288866
22,reference,9,3.297952
22,reference,10,3.166905
22,reference,11,3.671601
22,reference,12,3.444442
22,reference,13,3.447171
22,reference,14,2.977102
22,reference,15,3.458823
22,reference,16,3.51031
22,reference,17,4.002527
22,reference,18,4.497172
22,reference,19,4.181668
22,reference,20,4.190043
22,reference,21,4.077163
22,reference,22,3.919531
22,reference,23,3.139716
22,reference,24,2.899713
22,reference,25,3.149377
22,reference,26,2.839723
22,reference,27,3.017235
22,reference,28,2.721245
22,reference,29,2.2595
22,reference,30,2.361564
22,reference,31,2.231577
22,reference,32,1.771907
22,reference,33,2.051412
22,reference,34,2.054969
22,reference,35,1.961329
22,reference,36,1.564269
22,reference,37,1.91628
22,reference,38,1.436822
22,optimized,0,0.658672
22,optimized,1,0.627016
22,optimized,2,0.685335
22,optimized,3,0.847258
22,optimized,4,0.716456
22,optimized,5,0.738037
22,optimized,6,0.836947
22,optimized,7,0.813498
22,optimized,8,0.920178
22,optimized,9,0.907363
22,optimized,10,0.807596
22,optimized,11,0.971868
22,optimized,12,0.847249
22,optimized,13,0.871774
22,optimized,14,0.757841
22,optimized,15,0.900881
22,optimized,16,0.897781
22,optimized,17,0.99628
22,optimized,18,1.091238
22,optimized,19,1.01115
22,optimized,20,1.005005
22,optimized,21,1.040992
22,optimized,22,0.959503
22,optimized,23,0.796507
22,optimized,24,0.735649
22,optimized,25,0.77825
22,optimized,26,0.719765
22,optimized,27,0.790542
22,optimized,28,0.701643
22,optimized,29,0.598924
22,optimized,30,0.630629
22,optimized,31,0.598167
22,optimized,32,0.512668
22,optimized,33,0.572334
22,optimized,34,0.580613
22,optimized,35,0.571731
22,optimized,36,0.472458
22,optimized,37,0.568518
22,optimized,38,0.439756
23,optimized,0,0.609538
23,optimized,1,0.589182
23,optimized,2,0.65753
23,optimized,3,0.823512
23,optimized,4,0.702572
23,optimized,5,0.728763
23,optimized,6,0.773463
23,optimized,7,0.777171
23,optimized,8,0.887669
23,optimized,9,0.891493
23,optimized,10,0.809035
23,optimized,11,0.96858
23,optimized,12,0.850102
23,optimized,13,0.917087
23,optimized,14,0.763895
23,optimized,15,0.891152
23,optimized,16,0.911351
23,optimized,17,0.990897
23,optimized,18,1.095757
23,optimized,19,1.038875
23,optimized,20,1.004318
23,optimized,21,1.022214
23,optimized,22,0.97509
23,optimized,23,0.80495
23,optimized,24,0.744677
23,optimized,25,0.777844
23,optimized,26,0.725163
23,optimized,27,0.791383
23,optimized,28,0.722833
23,optimized,29,0.607395
23,optimized,30,0.646534
23,optimized,31,0.620128
23,optimized,32,0.518825
23,optimized,33,0.583409
23,optimized,34,0.587861
23,optimized,35,0.57821
23,optimized,36,0.471496
23,optimized,37,0.564586
23,optimized,38,0.441589
23,reference,0,1.896138
23,reference,1,1.821972
23,reference,2,2.175959
23,reference,3,2.769781
23,reference,4,2.485632
23,reference,5,2.67623
23,reference,6,2.792029
23,reference,7,2.816511
23,reference,8,3.227556
23,reference,9,3.301735
23,reference,10,3.152031
23,reference,11,3.667356
23,reference,12,3.412205
23,reference,13,3.392031
23,reference,14,2.994631
23,reference,15,3.467037
23,reference,16,3.545456
23,reference,17,4.012809
23,reference,18,4.470969
23,reference,19,4.167393
23,reference,20,4.210457
23,reference,21,4.089497
23,reference,22,3.896692
23,reference,23,3.173264
23,reference,24,3.026305
23,reference,25,3.137229
23,reference,26,2.837583
23,reference,27,3.008697
23,reference,28,2.704386
23,reference,29,2.258937
23,reference,30,2.393627
23,reference,31,2.220798
23,reference,32,1.787331
23,reference,33,2.085929
23,reference,34,2.09281
23,reference,35,1.970917
23,reference,36,1.566834
23,reference,37,1.9633
23,reference,38,1.442637
24,reference,0,1.884658
24,reference,1,1.85027
24,reference,2,2.177992
24,reference,3,2.777594
24,reference,4,2.500071
24,reference,5,2.654918
24,reference,6,2.84228
24,reference,7,2.798483
24,reference,8,3.222688
24,reference,9,3.273042
24,reference,10,3.147353
24,reference,11,3.667671
24,reference,12,3.47448
24,reference,13,3.383832
24,reference,14,2.946809
24,reference,15,3.457675
24,reference,16,3.474809
24,reference,17,3.978609
24,reference,18,4.489596
24,reference,19,4.16699
24,reference,20,4.225223
24,reference,21,4.130297
24,reference,22,3.979041
24,reference,23,3.175054
24,reference,24,2.950159
24,reference,25,3.134382
24,reference,26,2.901986
24,reference,27,3.071959
24,reference,28,2.734772
24,reference,29,2.286147
24,reference,30,2.382094
24,reference,31,2.209054
24,reference,32,1.774952
24,reference,33,2.103734
24,reference,34,2.078903
24,reference,35,1.954217
24,reference,36,1.575594
24,reference,37,1.927349
24,reference,38,1.451253
24,optimized,0,0.654766
24,optimized,1,0.616007
24,optimized,2,0.675773
24,optimized,3,0.838184
24,optimized,4,0.729597
24,optimized,5,0.748068
24,optimized,6,0.798217
24,optimized,7,0.809113
24,optimized,8,0.933911
24,optimized,9,0.923381
24,optimized,10,0.823218
24,optimized,11,0.972354
24,optimized,12,0.850428
24,optimized,13,0.879152
24,optimized,14,0.7647
24,optimized,15,0.888741
24,optimized,16,0.914229
24,optimized,17,0.998877
24,optimized,18,1.091369
24,optimized,19,1.013089
24,optimized,20,1.011042
24,optimized,21,1.046987
24,optimized,22,0.982176
24,optimized,23,0.803202
24,optimized,24,0.744551
24,optimized,25,0.778448
24,optimized,26,0.740098
24,optimized,27,0.771596
24,optimized,28,0.718769
24,optimized,29,0.600306
24,optimized,30,0.641863
24,optimized,31,0.60173
24,optimized,32,0.512089
24,optimized,33,0.585719
24,optimized,34,0.586632
24,optimized,35,0.587295
24,optimized,36,0.482061
24,optimized,37,0.577879
24,optimized,38,0.449911
25,optimized,0,0.61917
25,optimized,1,0.611212
25,optimized,2,0.673146
25,optimized,3,0.842993
25,optimized,4,0.712844
25,optimized,5,0.746915
25,optimized,6,0.770696
25,optimized,7,0.799746
25,optimized,8,0.90957
25,optimized,9,0.904225
25,optimized,10,0.806066
25,optimized,11,0.972816
25,optimized,12,0.849648
25,optimized,13,0.871273
25,optimized,14,0.764137
25,optimized,15,0.891783
25,optimized,16,0.907501
25,optimized,17,1.001961
25,optimized,18,1.086692
25,optimized,19,1.001768
25,optimized,20,0.990442
25,optimized,21,1.021415
25,optimized,22,0.975022
25,optimized,23,0.80526
25,optimized,24,0.753323
25,optimized,25,0.777479
25,optimized,26,0.731111
25,optimized,27,0.773471
25,optimized,28,0.732792
25,optimized,29,0.601606
25,optimized,30,0.639488
25,optimized,31,0.602834
25,optimized,32,0.526936
25,optimized,33,0.588804
25,optimized,34,0.59838
25,optimized,35,0.57152
25,optimized,36,0.474014
25,optimized,37,0.561884
25,optimized,38,0.442991
25,reference,0,1.935637
25,reference,1,1.840523
25,reference,2,2.181405
25,reference,3,2.77485
25,reference,4,2.488208
25,reference,5,2.655828
25,reference,6,2.794682
25,reference,7,2.786892
25,reference,8,3.213108
25,reference,9,3.289497
25,reference,10,3.171469
25,reference,11,3.66949
25,reference,12,3.428153
25,reference,13,3.451755
25,reference,14,2.969137
25,reference,15,3.469267
25,reference,16,3.445916
25,reference,17,3.984934
25,reference,18,4.565955
25,reference,19,17.908433
25,reference,20,4.627129
25,reference,21,4.444449
25,reference,22,4.193302
25,reference,23,3.250593
25,reference,24,2.973529
25,reference,25,3.218841
25,reference,26,2.871677
25,reference,27,3.092646
25,reference,28,2.805567
25,reference,29,2.347879
25,reference,30,2.469567
25,reference,31,2.229369
25,reference,32,1.792524
25,reference,33,2.064475
25,reference,34,2.068117
25,reference,35,1.960372
25,reference,36,1.575483
25,reference,37,1.94666
25,reference,38,1.444587
26,reference,0,1.883754
26,reference,1,1.825038
26,reference,2,2.167272
26,reference,3,2.786296
26,reference,4,2.497595
26,reference,5,2.673093
26,reference,6,2.787807
26,reference,7,2.809883
26,reference,8,3.230697
26,reference,9,3.309054
26,reference,10,3.143644
26,reference,11,3.726057
26,reference,12,3.398863
26,reference,13,3.415338
26,reference,14,3.010459
26,reference,15,3.492914
26,reference,16,3.474505
26,reference,17,4.038673
26,reference,18,4.568572
26,reference,19,4.172215
26,reference,20,4.291628
26,reference,21,4.126585
26,reference,22,3.990189
26,reference,23,3.23618
26,reference,24,2.947919
26,reference,25,3.122088
26,reference,26,2.83228
26,reference,27,3.020181
26,reference,28,2.706051
26,reference,29,2.261014
26,reference,30,2.387483
26,reference,31,2.215372
26,reference,32,1.787676
26,reference,33,2.039318
26,reference,34,2.086861
26,reference,35,1.956027
26,reference,36,1.566279
26,reference,37,1.939614
26,reference,38,1.43794
26,optimized,0,0.660078
26,optimized,1,0.608855
26,optimized,2,0.712435
26,optimized,3,0.843837
26,optimized,4,0.728369
26,optimized,5,0.753057
26,optimized,6,0.784545
26,optimized,7,0.805839
26,optimized,8,0.910242
26,optimized,9,0.909707
26,optimized,10,0.828763
26,optimized,11,0.956236
26,optimized,12,0.861353
26,optimized,13,0.879183
26,optimized,14,0.75997
26,optimized,15,0.899784
26,optimized,16,0.908891
26,optimized,17,1.002982
26,optimized,18,1.099591
26,optimized,19,1.018502
26,optimized,20,1.007119
26,optimized,21,1.003809
26,optimized,22,0.9815
26,optimized,23,0.804321
26,optimized,24,0.748481
26,optimized,25,0.770937
26,optimized,26,0.727015
26,optimized,27,0.77914
26,optimized,28,0.741367
26,optimized,29,0.613548
26,optimized,30,0.65135
26,optimized,31,0.608821
26,optimized,32,0.518631
26,optimized,33,0.584103
26,optimized,34,0.594587
26,optimized,35,0.59172
26,optimized,36,0.479425
26,optimized,37,0.570294
26,optimized,38,0.451328
27,optimized,0,0.640636
27,optimized,1,0.645683
27,optimized,2,0.680494
27,optimized,3,0.859063
27,optimized,4,0.723814
27,optimized,5,0.755288
27,optimized,6,0.77864
27,optimized,7,0.795517
27,optimized,8,0.914736
27,optimized,9,0.947137
27,optimized,10,0.808571
27,optimized,11,0.950503
27,optimized,12,0.851365
27,optimized,13,0.887946
27,optimized,14,0.753336
27,optimized,15,0.889863
27,optimized,16,0.912053
27,optimized,17,0.997627
27,optimized,18,1.094397
27,optimized,19,1.008724
27,optimized,20,1.007555
27,optimized,21,1.014125
27,optimized,22,0.963621
27,optimized,23,0.806071
27,optimized,24,0.750775
27,optimized,25,0.779678
27,optimized,26,0.73758
27,optimized,27,0.789799
27,optimized,28,0.715058
27,optimized,29,0.610439
27,optimized,30,0.650845
27,optimized,31,0.613471
27,optimized,32,0.51745
27,optimized,33,0.584929
27,optimized,34,0.588328
27,optimized,35,0.608979
27,optimized,36,0.511862
27,optimized,37,0.592254
27,optimized,38,0.463049
27,reference,0,1.910288
27,reference,1,1.889406
27,reference,2,2.194063
27,reference,3,2.837312
27,reference,4,2.485685
27,reference,5,2.6829
27,reference,6,2.816619
27,reference,7,2.83561
27,reference,8,3.312548
27,reference,9,3.272985
27,reference,10,3.222766
27,reference,11,3.675618
27,reference,12,3.429651
27,reference,13,3.441373
27,reference,14,2.993242
27,reference,15,3.493959
27,reference,16,3.463861
27,reference,17,4.012884
27,reference,18,4.487429
27,reference,19,4.173507
27,reference,20,4.215027
27,reference,21,4.211442
27,reference,22,3.991032
27,reference,23,3.208447
27,reference,24,2.916671
27,reference,25,3.169493
27,reference,26,2.840296
27,reference,27,3.035878
27,reference,28,2.729447
27,reference,29,2.261908
27,reference,30,2.41534
27,reference,31,2.236347
27,reference,32,1.781335
27,reference,33,2.086882
27,reference,34,2.083865
27,reference,35,1.976358
27,reference,36,1.614708
27,reference,37,1.932561
27,reference,38,1.450095
28,reference,0,1.888795
28,reference,1,1.830845
28,reference,2,2.173447
28,reference,3,2.784278
28,reference,4,2.491366
28,reference,5,2.661205
28,reference,6,2.791263
28,reference,7,2.807579
28,reference,8,3.253051
28,reference,9,3.369661
28,reference,10,3.204495
28,reference,11,3.823993
28,reference,12,3.40318
28,reference,13,3.401168
28,reference,14,2.944107
28,reference,15,3.430295
28,reference,16,3.485369
28,reference,17,3.956808
28,reference,18,4.54216
28,reference,19,4.147316
28,reference,20,4.278189
28,reference,21,4.118287
28,reference,22,3.899384
28,reference,23,3.174452
28,reference,24,2.921775
28,reference,25,3.197736
28,reference,26,2.814445
28,reference,27,3.035059
28,reference,28,2.730025
28,reference,29,2.29053
28,reference,30,2.43868
28,reference,31,2.281026
28,reference,32,1.814859
28,reference,33,2.061453
28,reference,34,2.072472
28,reference,35,1.966987
28,reference,36,1.564508
28,reference,37,1.927925
28,reference,38,1.455204
28,optimized,0,0.64922
28,optimized,1,0.61101
28,optimized,2,0.675261
28,optimized,3,0.843785
28,optimized,4,0.723541
28,optimized,5,0.739697
28,optimized,6,0.800509
28,optimized,7,0.806953
28,optimized,8,0.908158
28,optimized,9,0.907829
28,optimized,10,0.811012
28,optimized,11,0.952258
28,optimized,12,0.876363
28,optimized,13,0.874734
28,optimized,14,0.782618
28,optimized,15,0.885834
28,optimized,16,0.91967
28,optimized,17,1.011484
28,optimized,18,1.088247
28,optimized,19,1.009068
28,optimized,20,0.998739
28,optimized,21,1.022324
28,optimized,22,1.001048
28,optimized,23,0.797577
28,optimized,24,0.748927
28,optimized,25,0.777759
28,optimized,26,0.73212
28,optimized,27,0.770192
28,optimized,28,0.712762
28,optimized,29,0.599602
28,optimized,30,0.637176
28,optimized,31,0.600009
28,optimized,32,0.516494
28,optimized,33,0.589939
28,optimized,34,0.601641
28,optimized,35,0.579219
28,optimized,36,0.47862
28,optimized,37,0.572043
28,optimized,38,0.442104
29,optimized,0,0.622938
29,optimized,1,0.60195
29,optimized,2,0.681275
29,optimized,3,0.836235
29,optimized,4,0.715893
29,optimized,5,0.747221
29,optimized,6,0.777394
29,optimized,7,0.799
29,optimized,8,0.892648
29,optimized,9,0.9097
29,optimized,10,0.814631
29,optimized,11,0.944276
29,optimized,12,0.84118
29,optimized,13,0.878764
29,optimized,14,0.755861
29,optimized,15,0.887168
29,optimized,16,0.882019
29,optimized,17,0.985367
29,optimized,18,1.090669
29,optimized,19,1.037554
29,optimized,20,1.040589
29,optimized,21,1.009789
29,optimized,22,0.986875
29,optimized,23,0.829145
29,optimized,24,0.748662
29,optimized,25,0.796344
29,optimized,26,0.742042
29,optimized,27,0.780128
29,optimized,28,0.725093
29,optimized,29,0.615522
29,optimized,30,0.653743
29,optimized,31,0.607993
29,optimized,32,0.513947
29,optimized,33,0.581833
29,optimized,34,0.589388
29,optimized,35,0.583677
29,optimized,36,0.4901
29,optimized,37,0.575601
29,optimized,38,0.451383
29,reference,0,1.924403
29,reference,1,1.801973
29,reference,2,2.185769
29,reference,3,2.824764
29,reference,4,2.51651
29,reference,5,2.669714
29,reference,6,2.827257
29,reference,7,2.83809
29,reference,8,3.235101
29,reference,9,3.36725
29,reference,10,3.211667
29,reference,11,3.675566
29,reference,12,3.411629
29,reference,13,3.402266
29,reference,14,2.959179
29,reference,15,3.472199
29,reference,16,3.459431
29,reference,17,4.025089
29,reference,18,4.518642
29,reference,19,4.162802
29,reference,20,4.192003
29,reference,21,4.134435
29,reference,22,3.920796
29,reference,23,3.181388
29,reference,24,2.932059
29,reference,25,3.128389
29,reference,26,2.8247
29,reference,27,3.005526
29,reference,28,2.723338
29,reference,29,2.290271
29,reference,30,2.380387
29,reference,31,2.23058
29,reference,32,1.818476
29,reference,33,2.061202
29,reference,34,2.076753
29,reference,35,1.953775
29,reference,36,1.566448
29,reference,37,1.927442
29,reference,38,1.437975
