module,object_group,failure_kind,region,distance_bin,confidence_bin,count
detection,护栏和交通锥,center_error_over_1m,front_near,10–<20 m,0.40–<0.60,1
detection,护栏和交通锥,center_error_over_1m,front_near,20–<40 m,0.40–<0.60,2
detection,护栏和交通锥,center_error_over_1m,front_sides,0–<10 m,0.60–<0.80,2
detection,护栏和交通锥,center_error_over_1m,front_sides,10–<20 m,0.25–<0.40,1
detection,护栏和交通锥,center_error_over_1m,front_sides,10–<20 m,0.40–<0.60,4
detection,护栏和交通锥,center_error_over_1m,front_sides,10–<20 m,0.60–<0.80,8
detection,护栏和交通锥,center_error_over_1m,front_sides,20–<40 m,0.25–<0.40,2
detection,护栏和交通锥,center_error_over_1m,front_sides,20–<40 m,0.40–<0.60,4
detection,护栏和交通锥,center_error_over_1m,front_sides,20–<40 m,0.60–<0.80,3
detection,护栏和交通锥,center_error_over_1m,other,10–<20 m,0.25–<0.40,1
detection,护栏和交通锥,center_error_over_1m,other,10–<20 m,0.40–<0.60,4
detection,护栏和交通锥,center_error_over_1m,other,10–<20 m,0.60–<0.80,1
detection,护栏和交通锥,center_error_over_1m,other,20–<40 m,0.25–<0.40,2
detection,护栏和交通锥,center_error_over_1m,other,20–<40 m,0.40–<0.60,3
detection,护栏和交通锥,center_error_over_1m,other,20–<40 m,0.60–<0.80,1
detection,护栏和交通锥,center_error_over_1m,rear_near,10–<20 m,0.40–<0.60,1
detection,护栏和交通锥,false_negative,front_near,20–<40 m,无置信度,1
detection,护栏和交通锥,false_negative,front_sides,10–<20 m,无置信度,5
detection,护栏和交通锥,false_negative,front_sides,20–<40 m,无置信度,2
detection,护栏和交通锥,false_negative,other,10–<20 m,无置信度,11
detection,护栏和交通锥,false_negative,other,20–<40 m,无置信度,10
detection,护栏和交通锥,false_negative,rear_near,10–<20 m,无置信度,2
detection,护栏和交通锥,false_positive,front_near,0–<10 m,0.40–<0.60,1
detection,护栏和交通锥,false_positive,front_near,0–<10 m,0.60–<0.80,1
detection,护栏和交通锥,false_positive,front_near,10–<20 m,0.25–<0.40,8
detection,护栏和交通锥,false_positive,front_near,10–<20 m,0.40–<0.60,4
detection,护栏和交通锥,false_positive,front_near,10–<20 m,0.60–<0.80,2
detection,护栏和交通锥,false_positive,front_near,20–<40 m,0.25–<0.40,26
detection,护栏和交通锥,false_positive,front_near,20–<40 m,0.40–<0.60,12
detection,护栏和交通锥,false_positive,front_near,20–<40 m,0.60–<0.80,2
detection,护栏和交通锥,false_positive,front_sides,0–<10 m,0.25–<0.40,3
detection,护栏和交通锥,false_positive,front_sides,0–<10 m,0.40–<0.60,2
detection,护栏和交通锥,false_positive,front_sides,0–<10 m,0.60–<0.80,2
detection,护栏和交通锥,false_positive,front_sides,10–<20 m,0.25–<0.40,50
detection,护栏和交通锥,false_positive,front_sides,10–<20 m,0.40–<0.60,29
detection,护栏和交通锥,false_positive,front_sides,10–<20 m,0.60–<0.80,8
detection,护栏和交通锥,false_positive,front_sides,20–<40 m,0.25–<0.40,73
detection,护栏和交通锥,false_positive,front_sides,20–<40 m,0.40–<0.60,37
detection,护栏和交通锥,false_positive,front_sides,20–<40 m,0.60–<0.80,3
detection,护栏和交通锥,false_positive,other,0–<10 m,0.40–<0.60,2
detection,护栏和交通锥,false_positive,other,0–<10 m,0.60–<0.80,1
detection,护栏和交通锥,false_positive,other,10–<20 m,0.25–<0.40,32
detection,护栏和交通锥,false_positive,other,10–<20 m,0.40–<0.60,23
detection,护栏和交通锥,false_positive,other,10–<20 m,0.60–<0.80,6
detection,护栏和交通锥,false_positive,other,10–<20 m,0.80–1.00,1
detection,护栏和交通锥,false_positive,other,20–<40 m,0.25–<0.40,54
detection,护栏和交通锥,false_positive,other,20–<40 m,0.40–<0.60,27
detection,护栏和交通锥,false_positive,other,20–<40 m,0.60–<0.80,3
detection,护栏和交通锥,false_positive,rear_near,10–<20 m,0.25–<0.40,5
detection,护栏和交通锥,false_positive,rear_near,10–<20 m,0.40–<0.60,1
detection,护栏和交通锥,false_positive,rear_near,20–<40 m,0.25–<0.40,1
detection,机动车,center_error_over_1m,front_far,20–<40 m,0.25–<0.40,1
detection,机动车,center_error_over_1m,front_sides,20–<40 m,0.40–<0.60,1
detection,机动车,center_error_over_1m,other,≥40 m,0.25–<0.40,1
detection,机动车,center_error_over_1m,other,≥40 m,0.40–<0.60,4
detection,机动车,false_negative,front_far,≥40 m,无置信度,1
detection,机动车,false_negative,other,20–<40 m,无置信度,2
detection,机动车,false_negative,other,≥40 m,无置信度,11
detection,机动车,false_positive,front_far,20–<40 m,0.25–<0.40,2
detection,机动车,false_positive,front_far,≥40 m,0.25–<0.40,3
detection,机动车,false_positive,front_sides,10–<20 m,0.25–<0.40,1
detection,机动车,false_positive,front_sides,10–<20 m,0.60–<0.80,1
detection,机动车,false_positive,front_sides,20–<40 m,0.25–<0.40,2
detection,机动车,false_positive,front_sides,20–<40 m,0.40–<0.60,1
detection,机动车,false_positive,other,10–<20 m,0.25–<0.40,2
detection,机动车,false_positive,other,20–<40 m,0.25–<0.40,20
detection,机动车,false_positive,other,20–<40 m,0.40–<0.60,2
detection,机动车,false_positive,other,20–<40 m,0.60–<0.80,1
detection,机动车,false_positive,other,≥40 m,0.25–<0.40,68
detection,机动车,false_positive,other,≥40 m,0.40–<0.60,9
detection,机动车,false_positive,other,≥40 m,0.60–<0.80,1
detection,行人和骑行者,center_error_over_1m,front_far,20–<40 m,0.40–<0.60,1
detection,行人和骑行者,center_error_over_1m,front_sides,10–<20 m,0.60–<0.80,2
detection,行人和骑行者,center_error_over_1m,front_sides,20–<40 m,0.40–<0.60,3
detection,行人和骑行者,center_error_over_1m,other,20–<40 m,0.25–<0.40,3
detection,行人和骑行者,center_error_over_1m,other,20–<40 m,0.40–<0.60,8
detection,行人和骑行者,center_error_over_1m,other,20–<40 m,0.60–<0.80,15
detection,行人和骑行者,center_error_over_1m,rear_near,10–<20 m,0.40–<0.60,1
detection,行人和骑行者,false_negative,front_near,10–<20 m,无置信度,3
detection,行人和骑行者,false_negative,front_sides,10–<20 m,无置信度,4
detection,行人和骑行者,false_negative,front_sides,20–<40 m,无置信度,2
detection,行人和骑行者,false_negative,other,0–<10 m,无置信度,1
detection,行人和骑行者,false_negative,other,20–<40 m,无置信度,19
detection,行人和骑行者,false_negative,rear_near,0–<10 m,无置信度,1
detection,行人和骑行者,false_positive,front_far,20–<40 m,0.25–<0.40,15
detection,行人和骑行者,false_positive,front_far,20–<40 m,0.40–<0.60,6
detection,行人和骑行者,false_positive,front_far,20–<40 m,0.60–<0.80,4
detection,行人和骑行者,false_positive,front_near,0–<10 m,0.25–<0.40,1
detection,行人和骑行者,false_positive,front_near,10–<20 m,0.25–<0.40,1
detection,行人和骑行者,false_positive,front_near,10–<20 m,0.40–<0.60,2
detection,行人和骑行者,false_positive,front_near,20–<40 m,0.25–<0.40,11
detection,行人和骑行者,false_positive,front_near,20–<40 m,0.40–<0.60,6
detection,行人和骑行者,false_positive,front_sides,0–<10 m,0.25–<0.40,5
detection,行人和骑行者,false_positive,front_sides,10–<20 m,0.25–<0.40,30
detection,行人和骑行者,false_positive,front_sides,10–<20 m,0.40–<0.60,5
detection,行人和骑行者,false_positive,front_sides,10–<20 m,0.60–<0.80,2
detection,行人和骑行者,false_positive,front_sides,20–<40 m,0.25–<0.40,22
detection,行人和骑行者,false_positive,front_sides,20–<40 m,0.40–<0.60,14
detection,行人和骑行者,false_positive,front_sides,20–<40 m,0.60–<0.80,3
detection,行人和骑行者,false_positive,other,0–<10 m,0.25–<0.40,2
detection,行人和骑行者,false_positive,other,0–<10 m,0.40–<0.60,1
detection,行人和骑行者,false_positive,other,10–<20 m,0.25–<0.40,31
detection,行人和骑行者,false_positive,other,10–<20 m,0.40–<0.60,15
detection,行人和骑行者,false_positive,other,10–<20 m,0.60–<0.80,3
detection,行人和骑行者,false_positive,other,20–<40 m,0.25–<0.40,189
detection,行人和骑行者,false_positive,other,20–<40 m,0.40–<0.60,71
detection,行人和骑行者,false_positive,other,20–<40 m,0.60–<0.80,23
detection,行人和骑行者,false_positive,other,20–<40 m,0.80–1.00,1
detection,行人和骑行者,false_positive,rear_near,10–<20 m,0.25–<0.40,19
detection,行人和骑行者,false_positive,rear_near,10–<20 m,0.40–<0.60,5
detection,行人和骑行者,false_positive,rear_near,10–<20 m,0.60–<0.80,1
tracking,机动车,center_error_over_1m,front_far,20–<40 m,0.25–<0.40,1
tracking,机动车,center_error_over_1m,front_sides,20–<40 m,0.40–<0.60,1
tracking,机动车,center_error_over_1m,other,≥40 m,0.40–<0.60,3
tracking,机动车,false_negative,front_far,≥40 m,无置信度,1
tracking,机动车,false_negative,other,20–<40 m,无置信度,2
tracking,机动车,false_negative,other,≥40 m,无置信度,7
tracking,机动车,false_positive,front_far,20–<40 m,0.25–<0.40,2
tracking,机动车,false_positive,front_far,≥40 m,0.25–<0.40,2
tracking,机动车,false_positive,front_sides,10–<20 m,0.25–<0.40,1
tracking,机动车,false_positive,front_sides,20–<40 m,0.25–<0.40,2
tracking,机动车,false_positive,front_sides,20–<40 m,0.40–<0.60,1
tracking,机动车,false_positive,other,10–<20 m,0.25–<0.40,1
tracking,机动车,false_positive,other,20–<40 m,0.25–<0.40,16
tracking,机动车,false_positive,other,20–<40 m,0.40–<0.60,2
tracking,机动车,false_positive,other,20–<40 m,0.60–<0.80,1
tracking,机动车,false_positive,other,≥40 m,0.25–<0.40,56
tracking,机动车,false_positive,other,≥40 m,0.40–<0.60,7
tracking,机动车,false_positive,other,≥40 m,0.60–<0.80,1
tracking,机动车,gap_id_change,front_sides,20–<40 m,0.25–<0.40,1
tracking,机动车,gap_id_change,other,≥40 m,0.40–<0.60,1
tracking,机动车,id_switch,front_far,20–<40 m,0.40–<0.60,1
tracking,机动车,id_switch,other,20–<40 m,0.60–<0.80,1
tracking,行人和骑行者,center_error_over_1m,front_sides,20–<40 m,0.40–<0.60,4
tracking,行人和骑行者,center_error_over_1m,front_sides,20–<40 m,0.60–<0.80,2
tracking,行人和骑行者,center_error_over_1m,other,20–<40 m,0.25–<0.40,5
tracking,行人和骑行者,center_error_over_1m,other,20–<40 m,0.40–<0.60,4
tracking,行人和骑行者,center_error_over_1m,other,20–<40 m,0.60–<0.80,12
tracking,行人和骑行者,center_error_over_1m,rear_near,10–<20 m,0.40–<0.60,1
tracking,行人和骑行者,false_negative,front_near,10–<20 m,无置信度,3
tracking,行人和骑行者,false_negative,front_sides,10–<20 m,无置信度,4
tracking,行人和骑行者,false_negative,front_sides,20–<40 m,无置信度,2
tracking,行人和骑行者,false_negative,other,0–<10 m,无置信度,1
tracking,行人和骑行者,false_negative,other,20–<40 m,无置信度,18
tracking,行人和骑行者,false_negative,rear_near,0–<10 m,无置信度,1
tracking,行人和骑行者,false_positive,front_far,20–<40 m,0.25–<0.40,14
tracking,行人和骑行者,false_positive,front_far,20–<40 m,0.40–<0.60,6
tracking,行人和骑行者,false_positive,front_far,20–<40 m,0.60–<0.80,5
tracking,行人和骑行者,false_positive,front_near,0–<10 m,0.25–<0.40,1
tracking,行人和骑行者,false_positive,front_near,10–<20 m,0.25–<0.40,1
tracking,行人和骑行者,false_positive,front_near,10–<20 m,0.40–<0.60,2
tracking,行人和骑行者,false_positive,front_near,20–<40 m,0.25–<0.40,10
tracking,行人和骑行者,false_positive,front_near,20–<40 m,0.40–<0.60,7
tracking,行人和骑行者,false_positive,front_sides,0–<10 m,0.25–<0.40,5
tracking,行人和骑行者,false_positive,front_sides,10–<20 m,0.25–<0.40,26
tracking,行人和骑行者,false_positive,front_sides,10–<20 m,0.40–<0.60,6
tracking,行人和骑行者,false_positive,front_sides,10–<20 m,0.60–<0.80,5
tracking,行人和骑行者,false_positive,front_sides,20–<40 m,0.25–<0.40,20
tracking,行人和骑行者,false_positive,front_sides,20–<40 m,0.40–<0.60,11
tracking,行人和骑行者,false_positive,front_sides,20–<40 m,0.60–<0.80,7
tracking,行人和骑行者,false_positive,front_sides,20–<40 m,0.80–1.00,1
tracking,行人和骑行者,false_positive,other,0–<10 m,0.25–<0.40,2
tracking,行人和骑行者,false_positive,other,0–<10 m,0.40–<0.60,1
tracking,行人和骑行者,false_positive,other,10–<20 m,0.25–<0.40,27
tracking,行人和骑行者,false_positive,other,10–<20 m,0.40–<0.60,15
tracking,行人和骑行者,false_positive,other,10–<20 m,0.60–<0.80,6
tracking,行人和骑行者,false_positive,other,10–<20 m,0.80–1.00,2
tracking,行人和骑行者,false_positive,other,20–<40 m,0.25–<0.40,168
tracking,行人和骑行者,false_positive,other,20–<40 m,0.40–<0.60,74
tracking,行人和骑行者,false_positive,other,20–<40 m,0.60–<0.80,34
tracking,行人和骑行者,false_positive,other,20–<40 m,0.80–1.00,5
tracking,行人和骑行者,false_positive,rear_near,10–<20 m,0.25–<0.40,18
tracking,行人和骑行者,false_positive,rear_near,10–<20 m,0.40–<0.60,5
tracking,行人和骑行者,false_positive,rear_near,10–<20 m,0.60–<0.80,3
tracking,行人和骑行者,gap_id_change,front_near,10–<20 m,0.60–<0.80,1
tracking,行人和骑行者,gap_id_change,front_sides,10–<20 m,0.60–<0.80,2
tracking,行人和骑行者,gap_id_change,front_sides,20–<40 m,0.25–<0.40,1
tracking,行人和骑行者,gap_id_change,front_sides,20–<40 m,0.40–<0.60,1
tracking,行人和骑行者,gap_id_change,front_sides,20–<40 m,0.60–<0.80,1
tracking,行人和骑行者,gap_id_change,other,0–<10 m,0.60–<0.80,1
tracking,行人和骑行者,gap_id_change,other,10–<20 m,0.60–<0.80,1
tracking,行人和骑行者,gap_id_change,other,20–<40 m,0.25–<0.40,11
tracking,行人和骑行者,gap_id_change,other,20–<40 m,0.40–<0.60,9
tracking,行人和骑行者,gap_id_change,other,20–<40 m,0.60–<0.80,7
tracking,行人和骑行者,gap_id_change,rear_near,10–<20 m,0.60–<0.80,1
tracking,行人和骑行者,id_switch,front_far,20–<40 m,0.40–<0.60,1
tracking,行人和骑行者,id_switch,front_far,20–<40 m,0.60–<0.80,1
tracking,行人和骑行者,id_switch,front_sides,10–<20 m,0.60–<0.80,3
tracking,行人和骑行者,id_switch,front_sides,20–<40 m,0.25–<0.40,1
tracking,行人和骑行者,id_switch,front_sides,20–<40 m,0.40–<0.60,3
tracking,行人和骑行者,id_switch,front_sides,20–<40 m,0.60–<0.80,3
tracking,行人和骑行者,id_switch,front_sides,20–<40 m,0.80–1.00,1
tracking,行人和骑行者,id_switch,other,10–<20 m,0.60–<0.80,1
tracking,行人和骑行者,id_switch,other,20–<40 m,0.25–<0.40,4
tracking,行人和骑行者,id_switch,other,20–<40 m,0.40–<0.60,14
tracking,行人和骑行者,id_switch,other,20–<40 m,0.60–<0.80,9
tracking,行人和骑行者,id_switch,other,20–<40 m,0.80–1.00,2
tracking,行人和骑行者,id_switch,rear_near,10–<20 m,0.80–1.00,1
