scope,object_group,distance_bin,0.25–<0.40,0.40–<0.60,0.60–<0.80,0.80–1.00,无置信度,total
全部区域,行人和骑行者,0–<10 m,16,2,1,0,4,23
全部区域,行人和骑行者,10–<20 m,153,57,31,3,14,258
全部区域,行人和骑行者,20–<40 m,474,243,126,10,41,894
全部区域,行人和骑行者,≥40 m,0,0,0,0,0,0
全部区域,机动车,0–<10 m,0,0,0,0,0,0
全部区域,机动车,10–<20 m,5,0,1,0,0,6
全部区域,机动车,20–<40 m,47,9,3,0,4,63
全部区域,机动车,≥40 m,130,24,2,0,20,176
全部区域,护栏和交通锥,0–<10 m,3,5,6,0,0,14
全部区域,护栏和交通锥,10–<20 m,97,67,25,1,18,208
全部区域,护栏和交通锥,20–<40 m,158,85,12,0,13,268
全部区域,护栏和交通锥,≥40 m,0,0,0,0,0,0
近前方,行人和骑行者,0–<10 m,2,0,0,0,0,2
近前方,行人和骑行者,10–<20 m,2,4,1,0,6,13
近前方,行人和骑行者,20–<40 m,21,13,0,0,0,34
近前方,行人和骑行者,≥40 m,0,0,0,0,0,0
近前方,机动车,0–<10 m,0,0,0,0,0,0
近前方,机动车,10–<20 m,0,0,0,0,0,0
近前方,机动车,20–<40 m,0,0,0,0,0,0
近前方,机动车,≥40 m,0,0,0,0,0,0
近前方,护栏和交通锥,0–<10 m,0,1,1,0,0,2
近前方,护栏和交通锥,10–<20 m,8,5,2,0,0,15
近前方,护栏和交通锥,20–<40 m,26,14,2,0,1,43
近前方,护栏和交通锥,≥40 m,0,0,0,0,0,0
