module,kind,class_name,confidence_bin,count
detection,false_negative,barrier,N/A,23
detection,false_negative,bicycle,N/A,7
detection,false_negative,car,N/A,7
detection,false_negative,construction_vehicle,N/A,4
detection,false_negative,motorcycle,N/A,1
detection,false_negative,pedestrian,N/A,22
detection,false_negative,traffic_cone,N/A,8
detection,false_negative,truck,N/A,3
detection,false_positive,barrier,"[0.25,0.40)",107
detection,false_positive,barrier,"[0.40,0.60)",70
detection,false_positive,barrier,"[0.60,0.80)",10
detection,false_positive,bicycle,"[0.25,0.40)",47
detection,false_positive,bicycle,"[0.40,0.60)",8
detection,false_positive,bicycle,"[0.60,0.80)",1
detection,false_positive,bus,"[0.25,0.40)",1
detection,false_positive,bus,"[0.40,0.60)",1
detection,false_positive,car,"[0.25,0.40)",62
detection,false_positive,car,"[0.40,0.60)",8
detection,false_positive,car,"[0.60,0.80)",1
detection,false_positive,construction_vehicle,"[0.25,0.40)",18
detection,false_positive,construction_vehicle,"[0.40,0.60)",2
detection,false_positive,construction_vehicle,"[0.60,0.80)",1
detection,false_positive,motorcycle,"[0.25,0.40)",22
detection,false_positive,motorcycle,"[0.40,0.60)",10
detection,false_positive,motorcycle,"[0.60,0.80)",1
detection,false_positive,motorcycle,"[0.80,1.00]",1
detection,false_positive,pedestrian,"[0.25,0.40)",257
detection,false_positive,pedestrian,"[0.40,0.60)",107
detection,false_positive,pedestrian,"[0.60,0.80)",34
detection,false_positive,traffic_cone,"[0.25,0.40)",145
detection,false_positive,traffic_cone,"[0.40,0.60)",68
detection,false_positive,traffic_cone,"[0.60,0.80)",18
detection,false_positive,traffic_cone,"[0.80,1.00]",1
detection,false_positive,trailer,"[0.25,0.40)",2
detection,false_positive,truck,"[0.25,0.40)",15
detection,false_positive,truck,"[0.40,0.60)",1
detection,false_positive,truck,"[0.60,0.80)",1
tracking,false_negative,bicycle,N/A,7
tracking,false_negative,car,N/A,7
tracking,false_negative,motorcycle,N/A,1
tracking,false_negative,pedestrian,N/A,21
tracking,false_negative,truck,N/A,3
tracking,false_positive,bicycle,"[0.25,0.40)",47
tracking,false_positive,bicycle,"[0.40,0.60)",8
tracking,false_positive,bicycle,"[0.60,0.80)",1
tracking,false_positive,bus,"[0.25,0.40)",1
tracking,false_positive,bus,"[0.40,0.60)",1
tracking,false_positive,car,"[0.25,0.40)",62
tracking,false_positive,car,"[0.40,0.60)",8
tracking,false_positive,car,"[0.60,0.80)",1
tracking,false_positive,motorcycle,"[0.25,0.40)",22
tracking,false_positive,motorcycle,"[0.40,0.60)",10
tracking,false_positive,motorcycle,"[0.60,0.80)",1
tracking,false_positive,motorcycle,"[0.80,1.00]",1
tracking,false_positive,pedestrian,"[0.25,0.40)",223
tracking,false_positive,pedestrian,"[0.40,0.60)",109
tracking,false_positive,pedestrian,"[0.60,0.80)",58
tracking,false_positive,pedestrian,"[0.80,1.00]",7
tracking,false_positive,trailer,"[0.25,0.40)",2
tracking,false_positive,truck,"[0.25,0.40)",15
tracking,false_positive,truck,"[0.40,0.60)",1
tracking,false_positive,truck,"[0.60,0.80)",1
tracking,gap_id_change,bicycle,"[0.25,0.40)",1
tracking,gap_id_change,bicycle,"[0.60,0.80)",1
tracking,gap_id_change,car,"[0.25,0.40)",1
tracking,gap_id_change,pedestrian,"[0.25,0.40)",11
tracking,gap_id_change,pedestrian,"[0.40,0.60)",10
tracking,gap_id_change,pedestrian,"[0.60,0.80)",13
tracking,gap_id_change,truck,"[0.40,0.60)",1
tracking,id_switch,bicycle,"[0.25,0.40)",1
tracking,id_switch,bicycle,"[0.40,0.60)",1
tracking,id_switch,car,"[0.40,0.60)",1
tracking,id_switch,pedestrian,"[0.25,0.40)",4
tracking,id_switch,pedestrian,"[0.40,0.60)",17
tracking,id_switch,pedestrian,"[0.60,0.80)",17
tracking,id_switch,pedestrian,"[0.80,1.00]",4
tracking,id_switch,truck,"[0.60,0.80)",1
