module,kind,confidence_bin,count
detection,false_negative,N/A,75
detection,false_positive,"[0.25,0.40)",676
detection,false_positive,"[0.40,0.60)",275
detection,false_positive,"[0.60,0.80)",67
detection,false_positive,"[0.80,1.00]",2
tracking,false_negative,N/A,39
tracking,false_positive,"[0.25,0.40)",372
tracking,false_positive,"[0.40,0.60)",137
tracking,false_positive,"[0.60,0.80)",62
tracking,false_positive,"[0.80,1.00]",8
tracking,gap_id_change,"[0.25,0.40)",13
tracking,gap_id_change,"[0.40,0.60)",11
tracking,gap_id_change,"[0.60,0.80)",14
tracking,id_switch,"[0.25,0.40)",5
tracking,id_switch,"[0.40,0.60)",19
tracking,id_switch,"[0.60,0.80)",18
tracking,id_switch,"[0.80,1.00]",4
