threshold,module,class_name,tp,fp,fn,id_switch
0.1,detection,barrier,680,441,7,
0.1,detection,bicycle,40,464,3,
0.1,detection,bus,0,17,0,
0.1,detection,car,196,428,2,
0.1,detection,construction_vehicle,40,147,3,
0.1,detection,motorcycle,30,197,0,
0.1,detection,pedestrian,826,726,11,
0.1,detection,traffic_cone,357,408,7,
0.1,detection,trailer,0,74,0,
0.1,detection,truck,107,140,1,
0.1,tracking,bicycle,40,464,3,1
0.1,tracking,bus,0,17,0,0
0.1,tracking,car,196,428,2,0
0.1,tracking,motorcycle,30,197,0,0
0.1,tracking,pedestrian,827,725,10,39
0.1,tracking,trailer,0,74,0,0
0.1,tracking,truck,107,140,1,1
0.2,detection,barrier,670,240,17,
0.2,detection,bicycle,38,97,5,
0.2,detection,bus,0,8,0,
0.2,detection,car,192,116,6,
0.2,detection,construction_vehicle,39,32,4,
0.2,detection,motorcycle,30,52,0,
0.2,detection,pedestrian,824,576,13,
0.2,detection,traffic_cone,356,309,8,
0.2,detection,trailer,0,10,0,
0.2,detection,truck,106,27,2,
0.2,tracking,bicycle,38,97,5,2
0.2,tracking,bus,0,8,0,0
0.2,tracking,car,192,116,6,0
0.2,tracking,motorcycle,30,52,0,0
0.2,tracking,pedestrian,825,575,12,41
0.2,tracking,trailer,0,10,0,0
0.2,tracking,truck,106,27,2,1
0.25,detection,barrier,664,187,23,
0.25,detection,bicycle,36,56,7,
0.25,detection,bus,0,2,0,
0.25,detection,car,191,71,7,
0.25,detection,construction_vehicle,39,21,4,
0.25,detection,motorcycle,29,34,1,
0.25,detection,pedestrian,815,398,22,
0.25,detection,traffic_cone,356,232,8,
0.25,detection,trailer,0,2,0,
0.25,detection,truck,105,17,3,
0.25,tracking,bicycle,36,56,7,2
0.25,tracking,bus,0,2,0,0
0.25,tracking,car,191,71,7,1
0.25,tracking,motorcycle,29,34,1,0
0.25,tracking,pedestrian,816,397,21,42
0.25,tracking,trailer,0,2,0,0
0.25,tracking,truck,105,17,3,1
0.3,detection,barrier,660,149,27,
0.3,detection,bicycle,35,32,8,
0.3,detection,bus,0,1,0,
0.3,detection,car,188,36,10,
0.3,detection,construction_vehicle,39,12,4,
0.3,detection,motorcycle,29,24,1,
0.3,detection,pedestrian,805,276,32,
0.3,detection,traffic_cone,354,173,10,
0.3,detection,trailer,0,1,0,
0.3,detection,truck,105,5,3,
0.3,tracking,bicycle,35,32,8,2
0.3,tracking,bus,0,1,0,0
0.3,tracking,car,188,36,10,1
0.3,tracking,motorcycle,29,24,1,0
0.3,tracking,pedestrian,806,275,31,49
0.3,tracking,trailer,0,1,0,0
0.3,tracking,truck,105,5,3,1
0.4,detection,barrier,645,80,42,
0.4,detection,bicycle,28,9,15,
0.4,detection,bus,0,1,0,
0.4,detection,car,177,9,21,
0.4,detection,construction_vehicle,38,3,5,
0.4,detection,motorcycle,28,12,2,
0.4,detection,pedestrian,776,141,61,
0.4,detection,traffic_cone,340,87,24,
0.4,detection,truck,104,2,4,
0.4,tracking,bicycle,28,9,15,0
0.4,tracking,bus,0,1,0,0
0.4,tracking,car,177,9,21,0
0.4,tracking,motorcycle,28,12,2,0
0.4,tracking,pedestrian,777,140,60,55
0.4,tracking,truck,104,2,4,1
0.5,detection,barrier,624,31,63,
0.5,detection,bicycle,22,5,21,
0.5,detection,car,160,3,38,
0.5,detection,construction_vehicle,36,3,7,
0.5,detection,motorcycle,27,7,3,
0.5,detection,pedestrian,727,76,110,
0.5,detection,traffic_cone,296,46,68,
0.5,detection,truck,98,2,10,
0.5,tracking,bicycle,22,5,21,0
0.5,tracking,car,160,3,38,0
0.5,tracking,motorcycle,27,7,3,0
0.5,tracking,pedestrian,728,75,109,47
0.5,tracking,truck,98,2,10,1
0.6,detection,barrier,567,10,120,
0.6,detection,bicycle,21,1,22,
0.6,detection,car,151,1,47,
0.6,detection,construction_vehicle,32,1,11,
0.6,detection,motorcycle,26,2,4,
0.6,detection,pedestrian,632,34,205,
0.6,detection,traffic_cone,251,19,113,
0.6,detection,truck,88,1,20,
0.6,tracking,bicycle,21,1,22,0
0.6,tracking,car,151,1,47,0
0.6,tracking,motorcycle,26,2,4,0
0.6,tracking,pedestrian,633,33,204,31
0.6,tracking,truck,88,1,20,1
0.7,detection,barrier,412,1,275,
0.7,detection,bicycle,12,0,31,
0.7,detection,car,116,0,82,
0.7,detection,construction_vehicle,30,0,13,
0.7,detection,motorcycle,25,2,5,
0.7,detection,pedestrian,446,5,391,
0.7,detection,traffic_cone,160,4,204,
0.7,detection,truck,73,0,35,
0.7,tracking,bicycle,12,0,31,0
0.7,tracking,car,116,0,82,0
0.7,tracking,motorcycle,25,2,5,0
0.7,tracking,pedestrian,446,5,391,13
0.7,tracking,truck,73,0,35,1
0.8,detection,barrier,166,0,521,
0.8,detection,bicycle,5,0,38,
0.8,detection,car,62,0,136,
0.8,detection,construction_vehicle,21,0,22,
0.8,detection,motorcycle,20,1,10,
0.8,detection,pedestrian,168,0,669,
0.8,detection,traffic_cone,66,1,298,
0.8,detection,truck,31,0,77,
0.8,tracking,bicycle,5,0,38,0
0.8,tracking,car,62,0,136,0
0.8,tracking,motorcycle,20,1,10,0
0.8,tracking,pedestrian,168,0,669,4
0.8,tracking,truck,31,0,77,0
0.9,detection,barrier,7,0,680,
0.9,detection,bicycle,0,0,43,
0.9,detection,car,5,0,193,
0.9,detection,construction_vehicle,2,0,41,
0.9,detection,motorcycle,1,0,29,
0.9,detection,pedestrian,3,0,834,
0.9,detection,traffic_cone,0,0,364,
0.9,detection,truck,0,0,108,
0.9,tracking,bicycle,0,0,43,0
0.9,tracking,car,5,0,193,0
0.9,tracking,motorcycle,1,0,29,0
0.9,tracking,pedestrian,3,0,834,0
0.9,tracking,truck,0,0,108,0
