threshold,module,tp,fn,fp,id_switch,gap_id_change,gt,precision,recall
0.1,detection,2276,34,3042,,,2310,0.4279804437758556,0.9852813852813853
0.1,tracking,1200,16,2045,41,34,1216,0.3697996918335901,0.9868421052631579
0.2,detection,2255,55,1467,,,2310,0.6058570660934981,0.9761904761904762
0.2,tracking,1191,25,885,44,36,1216,0.5736994219653179,0.9794407894736842
0.25,detection,2235,75,1020,,,2310,0.6866359447004609,0.9675324675324676
0.25,tracking,1177,39,579,46,38,1216,0.6702733485193622,0.9679276315789473
0.3,detection,2215,95,709,,,2310,0.7575239398084815,0.9588744588744589
0.3,tracking,1163,53,374,53,36,1216,0.756668835393624,0.9564144736842105
0.4,detection,2136,174,344,,,2310,0.8612903225806452,0.9246753246753247
0.4,tracking,1114,102,173,56,38,1216,0.8655788655788655,0.9161184210526315
0.5,detection,1990,320,173,,,2310,0.9200184928340268,0.8614718614718615
0.5,tracking,1035,181,92,48,33,1216,0.9183673469387755,0.8511513157894737
0.6,detection,1768,542,69,,,2310,0.9624387588459444,0.7653679653679654
0.6,tracking,919,297,38,32,32,1216,0.9602925809822361,0.7557565789473685
0.7,detection,1274,1036,12,,,2310,0.9906687402799378,0.5515151515151515
0.7,tracking,672,544,7,14,26,1216,0.9896907216494846,0.5526315789473685
0.8,detection,539,1771,2,,,2310,0.9963031423290203,0.23333333333333334
0.8,tracking,286,930,1,4,11,1216,0.9965156794425087,0.23519736842105263
0.9,detection,18,2292,0,,,2310,1.0,0.007792207792207792
0.9,tracking,9,1207,0,0,0,1216,1.0,0.007401315789473684
