variant,module,class_name,tp,fp,fn,gt,predictions,precision,recall,mean_center_error_m,median_center_error_m
S0_author,tracking,bicycle,36,56,7,43,92,0.391304347826087,0.8372093023255814,0.3567755765731977,0.32890919543404845
S0_author,tracking,bus,0,2,0,0,2,0.0,,,
S0_author,tracking,car,191,71,7,198,262,0.7290076335877863,0.9646464646464646,0.20763008651930376,0.14437837432841866
S0_author,tracking,motorcycle,29,34,1,30,63,0.4603174603174603,0.9666666666666667,0.1586872934533735,0.1505200595466427
S0_author,tracking,pedestrian,816,397,21,837,1213,0.6727122835943941,0.974910394265233,0.206530073933867,0.13036183561012377
S0_author,tracking,trailer,0,2,0,0,2,0.0,,,
S0_author,tracking,truck,105,17,3,108,122,0.860655737704918,0.9722222222222222,0.22776843464106902,0.16754559770407476
S0_mirror,tracking,bicycle,36,56,7,43,92,0.391304347826087,0.8372093023255814,0.3567755765731977,0.32890919543404845
S0_mirror,tracking,bus,0,2,0,0,2,0.0,,,
S0_mirror,tracking,car,191,71,7,198,262,0.7290076335877863,0.9646464646464646,0.20763008651930376,0.14437837432841866
S0_mirror,tracking,motorcycle,29,34,1,30,63,0.4603174603174603,0.9666666666666667,0.1586872934533735,0.1505200595466427
S0_mirror,tracking,pedestrian,816,397,21,837,1213,0.6727122835943941,0.974910394265233,0.206530073933867,0.13036183561012377
S0_mirror,tracking,trailer,0,2,0,0,2,0.0,,,
S0_mirror,tracking,truck,105,17,3,108,122,0.860655737704918,0.9722222222222222,0.22776843464106902,0.16754559770407476
S1_hungarian,tracking,bicycle,36,56,7,43,92,0.391304347826087,0.8372093023255814,0.37430888735817214,0.3096641778591383
S1_hungarian,tracking,bus,0,2,0,0,2,0.0,,,
S1_hungarian,tracking,car,191,71,7,198,262,0.7290076335877863,0.9646464646464646,0.21519574956380141,0.14437837432841866
S1_hungarian,tracking,motorcycle,29,34,1,30,63,0.4603174603174603,0.9666666666666667,0.1586872934533735,0.1505200595466427
S1_hungarian,tracking,pedestrian,816,397,21,837,1213,0.6727122835943941,0.974910394265233,0.2863951339100686,0.14528453168037508
S1_hungarian,tracking,trailer,0,2,0,0,2,0.0,,,
S1_hungarian,tracking,truck,105,17,3,108,122,0.860655737704918,0.9722222222222222,0.22776843464106902,0.16754559770407476
S1_gated,tracking,bicycle,36,56,7,43,92,0.391304347826087,0.8372093023255814,0.37430888735817214,0.3096641778591383
S1_gated,tracking,bus,0,2,0,0,2,0.0,,,
S1_gated,tracking,car,191,71,7,198,262,0.7290076335877863,0.9646464646464646,0.21519574956380141,0.14437837432841866
S1_gated,tracking,motorcycle,29,34,1,30,63,0.4603174603174603,0.9666666666666667,0.1586872934533735,0.1505200595466427
S1_gated,tracking,pedestrian,816,397,21,837,1213,0.6727122835943941,0.974910394265233,0.21363230574110884,0.13240696563372562
S1_gated,tracking,trailer,0,2,0,0,2,0.0,,,
S1_gated,tracking,truck,105,17,3,108,122,0.860655737704918,0.9722222222222222,0.22776843464106902,0.16754559770407476
S2_kalman,tracking,bicycle,36,56,7,43,92,0.391304347826087,0.8372093023255814,0.47046975778780326,0.3465854762155423
S2_kalman,tracking,bus,0,2,0,0,2,0.0,,,
S2_kalman,tracking,car,191,71,7,198,262,0.7290076335877863,0.9646464646464646,0.20763008651930376,0.14437837432841866
S2_kalman,tracking,motorcycle,29,34,1,30,63,0.4603174603174603,0.9666666666666667,0.1586872934533735,0.1505200595466427
S2_kalman,tracking,pedestrian,815,398,22,837,1213,0.6718878812860676,0.973715651135006,0.2724565087426517,0.138435402219082
S2_kalman,tracking,trailer,0,2,0,0,2,0.0,,,
S2_kalman,tracking,truck,105,17,3,108,122,0.860655737704918,0.9722222222222222,0.22776843464106902,0.16754559770407476
S3_rich_only,tracking,bicycle,36,56,7,43,92,0.391304347826087,0.8372093023255814,0.37430888735817214,0.3096641778591383
S3_rich_only,tracking,bus,0,2,0,0,2,0.0,,,
S3_rich_only,tracking,car,191,71,7,198,262,0.7290076335877863,0.9646464646464646,0.20763008651930376,0.14437837432841866
S3_rich_only,tracking,motorcycle,29,34,1,30,63,0.4603174603174603,0.9666666666666667,0.1586872934533735,0.1505200595466427
S3_rich_only,tracking,pedestrian,816,397,21,837,1213,0.6727122835943941,0.974910394265233,0.22250332639027665,0.13470493352830054
S3_rich_only,tracking,trailer,0,2,0,0,2,0.0,,,
S3_rich_only,tracking,truck,105,17,3,108,122,0.860655737704918,0.9722222222222222,0.22776843464106902,0.16754559770407476
S3_kalman_rich,tracking,bicycle,36,56,7,43,92,0.391304347826087,0.8372093023255814,0.47046975778780326,0.3465854762155423
S3_kalman_rich,tracking,bus,0,2,0,0,2,0.0,,,
S3_kalman_rich,tracking,car,191,71,7,198,262,0.7290076335877863,0.9646464646464646,0.20763008651930376,0.14437837432841866
S3_kalman_rich,tracking,motorcycle,29,34,1,30,63,0.4603174603174603,0.9666666666666667,0.1586872934533735,0.1505200595466427
S3_kalman_rich,tracking,pedestrian,815,398,22,837,1213,0.6718878812860676,0.973715651135006,0.2522997340939451,0.1352092580167188
S3_kalman_rich,tracking,trailer,0,2,0,0,2,0.0,,,
S3_kalman_rich,tracking,truck,105,17,3,108,122,0.860655737704918,0.9722222222222222,0.22776843464106902,0.16754559770407476
S4_greedy_high,tracking,bicycle,26,9,17,43,35,0.7428571428571429,0.6046511627906976,0.28890689438267225,0.2344272513861948
S4_greedy_high,tracking,car,185,15,13,198,200,0.925,0.9343434343434344,0.19217572631584878,0.13571567926780181
S4_greedy_high,tracking,motorcycle,29,10,1,30,39,0.7435897435897436,0.9666666666666667,0.1586872934533735,0.1505200595466427
S4_greedy_high,tracking,pedestrian,788,184,49,837,972,0.8106995884773662,0.9414575866188769,0.2573601006137018,0.13223778430738703
S4_greedy_high,tracking,truck,103,3,5,108,106,0.9716981132075472,0.9537037037037037,0.221505269645459,0.1670354391921636
S4_greedy_low,tracking,bicycle,36,56,7,43,92,0.391304347826087,0.8372093023255814,0.3567755765731977,0.32890919543404845
S4_greedy_low,tracking,bus,0,2,0,0,2,0.0,,,
S4_greedy_low,tracking,car,191,71,7,198,262,0.7290076335877863,0.9646464646464646,0.20763008651930376,0.14437837432841866
S4_greedy_low,tracking,motorcycle,29,34,1,30,63,0.4603174603174603,0.9666666666666667,0.1586872934533735,0.1505200595466427
S4_greedy_low,tracking,pedestrian,816,397,21,837,1213,0.6727122835943941,0.974910394265233,0.20485213304842045,0.12902371523474532
S4_greedy_low,tracking,trailer,0,2,0,0,2,0.0,,,
S4_greedy_low,tracking,truck,105,17,3,108,122,0.860655737704918,0.9722222222222222,0.22776843464106902,0.16754559770407476
S4_high_birth,tracking,bicycle,26,9,17,43,35,0.7428571428571429,0.6046511627906976,0.28890689438267225,0.2344272513861948
S4_high_birth,tracking,car,182,12,16,198,194,0.9381443298969072,0.9191919191919192,0.18395021520280552,0.13279479847570375
S4_high_birth,tracking,motorcycle,29,8,1,30,37,0.7837837837837838,0.9666666666666667,0.1586872934533735,0.1505200595466427
S4_high_birth,tracking,pedestrian,787,169,50,837,956,0.8232217573221757,0.94026284348865,0.22067522713709703,0.13075612338001008
S4_high_birth,tracking,truck,103,3,5,108,106,0.9716981132075472,0.9537037037037037,0.221505269645459,0.1670354391921636
S4_low_birth,tracking,bicycle,36,56,7,43,92,0.391304347826087,0.8372093023255814,0.3567755765731977,0.32890919543404845
S4_low_birth,tracking,bus,0,2,0,0,2,0.0,,,
S4_low_birth,tracking,car,191,71,7,198,262,0.7290076335877863,0.9646464646464646,0.20763008651930376,0.14437837432841866
S4_low_birth,tracking,motorcycle,29,34,1,30,63,0.4603174603174603,0.9666666666666667,0.1586872934533735,0.1505200595466427
S4_low_birth,tracking,pedestrian,816,397,21,837,1213,0.6727122835943941,0.974910394265233,0.1961122097387743,0.1305735107772144
S4_low_birth,tracking,trailer,0,2,0,0,2,0.0,,,
S4_low_birth,tracking,truck,105,17,3,108,122,0.860655737704918,0.9722222222222222,0.22776843464106902,0.16754559770407476
S4_kalman_rich_high,tracking,bicycle,26,9,17,43,35,0.7428571428571429,0.6046511627906976,0.28890689438267225,0.2344272513861948
S4_kalman_rich_high,tracking,car,183,12,15,198,195,0.9384615384615385,0.9242424242424242,0.18841183763434186,0.13339371879422723
S4_kalman_rich_high,tracking,motorcycle,29,8,1,30,37,0.7837837837837838,0.9666666666666667,0.1586872934533735,0.1505200595466427
S4_kalman_rich_high,tracking,pedestrian,786,151,51,837,937,0.8388473852721452,0.9390681003584229,0.21871114832849034,0.13038801838406489
S4_kalman_rich_high,tracking,truck,103,3,5,108,106,0.9716981132075472,0.9537037037037037,0.221505269645459,0.1670354391921636
S4_kalman_rich_low,tracking,bicycle,36,56,7,43,92,0.391304347826087,0.8372093023255814,0.3567755765731977,0.32890919543404845
S4_kalman_rich_low,tracking,bus,0,2,0,0,2,0.0,,,
S4_kalman_rich_low,tracking,car,191,71,7,198,262,0.7290076335877863,0.9646464646464646,0.2076300865193037,0.14437837432841866
S4_kalman_rich_low,tracking,motorcycle,29,34,1,30,63,0.4603174603174603,0.9666666666666667,0.1586872934533735,0.1505200595466427
S4_kalman_rich_low,tracking,pedestrian,815,398,22,837,1213,0.6718878812860676,0.973715651135006,0.2253310998842473,0.13202128189544554
S4_kalman_rich_low,tracking,trailer,0,2,0,0,2,0.0,,,
S4_kalman_rich_low,tracking,truck,105,17,3,108,122,0.860655737704918,0.9722222222222222,0.22776843464106902,0.16754559770407476
