variant,module,frame,sample_token,timestamp_us,elapsed_seconds,tp,fn,fp,mean_center_error_m,id_switch,gap_recovery,gap_id_change
S0_author,tracking,0,ca9a282c9e77460f8360f564131a8af5,1532402927647951,0.0,15,1,17,0.14406992252599055,,,
S0_author,tracking,1,39586f9d59004284a7114a68825e8eec,1532402928147847,0.499896,16,1,13,0.15980622771744657,,,
S0_author,tracking,2,356d81f38dd9473ba590f39e266f54e5,1532402928698048,1.050097,21,0,10,0.17204821660564734,2,1,
S0_author,tracking,3,e0845f5322254dafadbbed75aaa07969,1532402929197353,1.549402,19,0,9,0.13152715332209733,3,,
S0_author,tracking,4,c923fe08b2ff4e27975d2bf30934383b,1532402929697797,2.049846,19,1,4,0.12770632840721735,,1,
S0_author,tracking,5,f1e3d9d08f044c439ce86a2d6fcca57b,1532402930152601,2.50465,20,0,2,0.1189319681014603,,1,
S0_author,tracking,6,4f545737bf3347fbbc9af60b0be9a963,1532402930648325,3.000374,21,2,8,0.14405595856566508,,,1
S0_author,tracking,7,7626dde27d604ac28a0240bdd54eba7a,1532402931198511,3.55056,25,1,9,0.14170853046545592,2,,1
S0_author,tracking,8,be99ffc878b24aca8956bbb4e0f97d0c,1532402931697833,4.049882,28,2,15,0.15663297047395155,1,,
S0_author,tracking,9,9813c23a5f1448b09bb7910fea9baf20,1532402932197715,4.549764,33,1,18,0.19329288367480316,1,,1
S0_author,tracking,10,023c4df2d451409881d8e6ea82f14704,1532402932647284,4.999333,38,1,20,0.22892030407528013,2,1,
S0_author,tracking,11,c235638ed66145988d17f9d0601923f2,1532402933146604,5.498653,41,0,19,0.22131638646862622,2,,
S0_author,tracking,12,bc3c8a953f6b4dcdb77b521d89f3d9d5,1532402933646462,5.998511,40,1,21,0.2485677359806342,3,1,
S0_author,tracking,13,1e3d79dae62742a0ad64c91679863358,1532402934146351,6.4984,43,0,20,0.2848303577619353,2,2,3
S0_author,tracking,14,2afb9d32310e4546a71cbe432911eca2,1532402934696555,7.048604,44,1,30,0.3253674686782349,3,2,
S0_author,tracking,15,cd21dbfc3bd749c7b10a5c42562e0c42,1532402935197541,7.54959,44,1,29,0.3233235745660052,,2,
S0_author,tracking,16,88449a5cb1644a199c1c11f6ac034867,1532402935697945,8.049994,49,0,27,0.2753355688974907,2,1,2
S0_author,tracking,17,2ff86dc19c4644a1a88ce5ba848f56e5,1532402936198962,8.551011,43,1,25,0.2122803332956089,5,,
S0_author,tracking,18,bf2938e43c6f487497cda76b51bfc406,1532402936699359,9.051408,43,1,21,0.25923709715471227,3,1,2
S0_author,tracking,19,b26e791522294bec90f86fd72226e35c,1532402937198682,9.550731,44,1,26,0.21735920426065763,1,2,1
S0_author,tracking,20,c844bf5a9f2243ff8f4bf2c85fe218ff,1532402937698000,10.050049,42,1,17,0.23352998063005986,,1,1
S0_author,tracking,21,fedfb3a6cb804635a0f47143f9ca8d6f,1532402938197897,10.549946,40,1,22,0.2572314215474426,,2,1
S0_author,tracking,22,965f6af5a92449348409029a5f048a38,1532402938647444,10.999493,35,1,21,0.26175169217207517,,1,
S0_author,tracking,23,4711bcd34644420da8bc77163431888e,1532402939147334,11.499383,30,0,13,0.2047851411459854,,1,4
S0_author,tracking,24,a34fabc7aa674713b71f98ec541eb2d4,1532402939697511,12.04956,24,4,18,0.1844014851287061,1,2,1
S0_author,tracking,25,c78067571d104caba7c568a847d56971,1532402940197958,12.550007,27,0,11,0.1432112542933096,1,3,1
S0_author,tracking,26,4246e57f018745c9b2bc68feb3d71b58,1532402940797343,13.149392,27,0,13,0.17693328964396057,,,2
S0_author,tracking,27,a7acb150914b40bdad9a2dc4e657cbf9,1532402941297218,13.649267,27,1,12,0.18120348629874897,1,,4
S0_author,tracking,28,0cd661df01aa40c3bb3a773ba86f753a,1532402941797653,14.149702,27,0,9,0.1920858972364648,1,1,1
S0_author,tracking,29,378a3a3e9af346308ab9dff8ced46d9c,1532402942197463,14.549512,25,5,9,0.15752752225832375,1,,3
S0_author,tracking,30,eef55c3b48f34d949959b45130ee293a,1532402942697870,15.049919,25,0,10,0.16893228775644964,1,1,1
S0_author,tracking,31,5fda58ee3ae44ab9b4bbac7a2de66c27,1532402943197769,15.549818,23,2,6,0.15317134659927065,1,,1
S0_author,tracking,32,919e3c4cec934168a3152077a9adcbea,1532402943697655,16.049704,26,0,12,0.16654948469204142,,,1
S0_author,tracking,33,b73152cab88f49d9ba195da81fde1809,1532402944198088,16.550137,23,2,5,0.14019308159926883,1,1,
S0_author,tracking,34,6aa6fa91e0d1492e812eb7e57c47df6e,1532402944697931,17.04998,26,1,6,0.1679062945611648,1,4,1
S0_author,tracking,35,aa581aac963a4fad848ac11fe66e8637,1532402945197276,17.549325,25,0,9,0.22441380049048287,1,,2
S0_author,tracking,36,67e5f88901214f3aa03d68e028185e22,1532402945697148,18.049197,27,1,10,0.23684601029552563,2,1,2
S0_author,tracking,37,29e056fc277543c9bc42310b122c640e,1532402946297085,18.649134,26,3,18,0.23099917700753533,,,1
S0_author,tracking,38,ed5fc18c31904f96a8f0dbb99ff069c0,1532402946797517,19.149566,26,1,15,0.176047136311746,2,1,
S0_mirror,tracking,0,ca9a282c9e77460f8360f564131a8af5,1532402927647951,0.0,15,1,17,0.14406992252599055,,,
S0_mirror,tracking,1,39586f9d59004284a7114a68825e8eec,1532402928147847,0.499896,16,1,13,0.15980622771744657,,,
S0_mirror,tracking,2,356d81f38dd9473ba590f39e266f54e5,1532402928698048,1.050097,21,0,10,0.17204821660564734,2,1,
S0_mirror,tracking,3,e0845f5322254dafadbbed75aaa07969,1532402929197353,1.549402,19,0,9,0.13152715332209733,3,,
S0_mirror,tracking,4,c923fe08b2ff4e27975d2bf30934383b,1532402929697797,2.049846,19,1,4,0.12770632840721735,,1,
S0_mirror,tracking,5,f1e3d9d08f044c439ce86a2d6fcca57b,1532402930152601,2.50465,20,0,2,0.1189319681014603,,1,
S0_mirror,tracking,6,4f545737bf3347fbbc9af60b0be9a963,1532402930648325,3.000374,21,2,8,0.14405595856566508,,,1
S0_mirror,tracking,7,7626dde27d604ac28a0240bdd54eba7a,1532402931198511,3.55056,25,1,9,0.14170853046545592,2,,1
S0_mirror,tracking,8,be99ffc878b24aca8956bbb4e0f97d0c,1532402931697833,4.049882,28,2,15,0.15663297047395155,1,,
S0_mirror,tracking,9,9813c23a5f1448b09bb7910fea9baf20,1532402932197715,4.549764,33,1,18,0.19329288367480316,1,,1
S0_mirror,tracking,10,023c4df2d451409881d8e6ea82f14704,1532402932647284,4.999333,38,1,20,0.22892030407528013,2,1,
S0_mirror,tracking,11,c235638ed66145988d17f9d0601923f2,1532402933146604,5.498653,41,0,19,0.22131638646862622,2,,
S0_mirror,tracking,12,bc3c8a953f6b4dcdb77b521d89f3d9d5,1532402933646462,5.998511,40,1,21,0.2485677359806342,3,1,
S0_mirror,tracking,13,1e3d79dae62742a0ad64c91679863358,1532402934146351,6.4984,43,0,20,0.2848303577619353,2,2,3
S0_mirror,tracking,14,2afb9d32310e4546a71cbe432911eca2,1532402934696555,7.048604,44,1,30,0.3253674686782349,3,2,
S0_mirror,tracking,15,cd21dbfc3bd749c7b10a5c42562e0c42,1532402935197541,7.54959,44,1,29,0.3233235745660052,,2,
S0_mirror,tracking,16,88449a5cb1644a199c1c11f6ac034867,1532402935697945,8.049994,49,0,27,0.2753355688974907,2,1,2
S0_mirror,tracking,17,2ff86dc19c4644a1a88ce5ba848f56e5,1532402936198962,8.551011,43,1,25,0.2122803332956089,5,,
S0_mirror,tracking,18,bf2938e43c6f487497cda76b51bfc406,1532402936699359,9.051408,43,1,21,0.25923709715471227,3,1,2
S0_mirror,tracking,19,b26e791522294bec90f86fd72226e35c,1532402937198682,9.550731,44,1,26,0.21735920426065763,1,2,1
S0_mirror,tracking,20,c844bf5a9f2243ff8f4bf2c85fe218ff,1532402937698000,10.050049,42,1,17,0.23352998063005986,,1,1
S0_mirror,tracking,21,fedfb3a6cb804635a0f47143f9ca8d6f,1532402938197897,10.549946,40,1,22,0.2572314215474426,,2,1
S0_mirror,tracking,22,965f6af5a92449348409029a5f048a38,1532402938647444,10.999493,35,1,21,0.26175169217207517,,1,
S0_mirror,tracking,23,4711bcd34644420da8bc77163431888e,1532402939147334,11.499383,30,0,13,0.2047851411459854,,1,4
S0_mirror,tracking,24,a34fabc7aa674713b71f98ec541eb2d4,1532402939697511,12.04956,24,4,18,0.1844014851287061,1,2,1
S0_mirror,tracking,25,c78067571d104caba7c568a847d56971,1532402940197958,12.550007,27,0,11,0.1432112542933096,1,3,1
S0_mirror,tracking,26,4246e57f018745c9b2bc68feb3d71b58,1532402940797343,13.149392,27,0,13,0.17693328964396057,,,2
S0_mirror,tracking,27,a7acb150914b40bdad9a2dc4e657cbf9,1532402941297218,13.649267,27,1,12,0.18120348629874897,1,,4
S0_mirror,tracking,28,0cd661df01aa40c3bb3a773ba86f753a,1532402941797653,14.149702,27,0,9,0.1920858972364648,1,1,1
S0_mirror,tracking,29,378a3a3e9af346308ab9dff8ced46d9c,1532402942197463,14.549512,25,5,9,0.15752752225832375,1,,3
S0_mirror,tracking,30,eef55c3b48f34d949959b45130ee293a,1532402942697870,15.049919,25,0,10,0.16893228775644964,1,1,1
S0_mirror,tracking,31,5fda58ee3ae44ab9b4bbac7a2de66c27,1532402943197769,15.549818,23,2,6,0.15317134659927065,1,,1
S0_mirror,tracking,32,919e3c4cec934168a3152077a9adcbea,1532402943697655,16.049704,26,0,12,0.16654948469204142,,,1
S0_mirror,tracking,33,b73152cab88f49d9ba195da81fde1809,1532402944198088,16.550137,23,2,5,0.14019308159926883,1,1,
S0_mirror,tracking,34,6aa6fa91e0d1492e812eb7e57c47df6e,1532402944697931,17.04998,26,1,6,0.1679062945611648,1,4,1
S0_mirror,tracking,35,aa581aac963a4fad848ac11fe66e8637,1532402945197276,17.549325,25,0,9,0.22441380049048287,1,,2
S0_mirror,tracking,36,67e5f88901214f3aa03d68e028185e22,1532402945697148,18.049197,27,1,10,0.23684601029552563,2,1,2
S0_mirror,tracking,37,29e056fc277543c9bc42310b122c640e,1532402946297085,18.649134,26,3,18,0.23099917700753533,,,1
S0_mirror,tracking,38,ed5fc18c31904f96a8f0dbb99ff069c0,1532402946797517,19.149566,26,1,15,0.176047136311746,2,1,
S1_hungarian,tracking,0,ca9a282c9e77460f8360f564131a8af5,1532402927647951,0.0,15,1,17,0.14406992252599055,,,
S1_hungarian,tracking,1,39586f9d59004284a7114a68825e8eec,1532402928147847,0.499896,16,1,13,0.19207428934862894,2,,
S1_hungarian,tracking,2,356d81f38dd9473ba590f39e266f54e5,1532402928698048,1.050097,21,0,10,0.20378936864065636,2,1,
S1_hungarian,tracking,3,e0845f5322254dafadbbed75aaa07969,1532402929197353,1.549402,19,0,9,0.13152715332209733,3,,
S1_hungarian,tracking,4,c923fe08b2ff4e27975d2bf30934383b,1532402929697797,2.049846,19,1,4,0.2773665650677288,,1,
S1_hungarian,tracking,5,f1e3d9d08f044c439ce86a2d6fcca57b,1532402930152601,2.50465,20,0,2,0.2819882485057479,3,,1
S1_hungarian,tracking,6,4f545737bf3347fbbc9af60b0be9a963,1532402930648325,3.000374,21,2,8,0.21955661475076468,,,1
S1_hungarian,tracking,7,7626dde27d604ac28a0240bdd54eba7a,1532402931198511,3.55056,25,1,9,0.30753353450950555,1,1,
S1_hungarian,tracking,8,be99ffc878b24aca8956bbb4e0f97d0c,1532402931697833,4.049882,28,2,15,0.3433511831164356,1,,
S1_hungarian,tracking,9,9813c23a5f1448b09bb7910fea9baf20,1532402932197715,4.549764,33,1,18,0.34735305983048603,,,1
S1_hungarian,tracking,10,023c4df2d451409881d8e6ea82f14704,1532402932647284,4.999333,38,1,20,0.38199969009754736,4,1,
S1_hungarian,tracking,11,c235638ed66145988d17f9d0601923f2,1532402933146604,5.498653,41,0,19,0.3442190159048977,3,,
S1_hungarian,tracking,12,bc3c8a953f6b4dcdb77b521d89f3d9d5,1532402933646462,5.998511,40,1,21,0.31420978616256906,3,1,
S1_hungarian,tracking,13,1e3d79dae62742a0ad64c91679863358,1532402934146351,6.4984,43,0,20,0.3477667853550143,1,3,2
S1_hungarian,tracking,14,2afb9d32310e4546a71cbe432911eca2,1532402934696555,7.048604,44,1,30,0.32787452983849596,2,2,
S1_hungarian,tracking,15,cd21dbfc3bd749c7b10a5c42562e0c42,1532402935197541,7.54959,44,1,29,0.3386341699413973,2,1,1
S1_hungarian,tracking,16,88449a5cb1644a199c1c11f6ac034867,1532402935697945,8.049994,49,0,27,0.2818228614866352,3,1,2
S1_hungarian,tracking,17,2ff86dc19c4644a1a88ce5ba848f56e5,1532402936198962,8.551011,43,1,25,0.2773479023220854,1,,
S1_hungarian,tracking,18,bf2938e43c6f487497cda76b51bfc406,1532402936699359,9.051408,43,1,21,0.26129203331725,1,1,2
S1_hungarian,tracking,19,b26e791522294bec90f86fd72226e35c,1532402937198682,9.550731,44,1,26,0.24541841825139957,1,1,2
S1_hungarian,tracking,20,c844bf5a9f2243ff8f4bf2c85fe218ff,1532402937698000,10.050049,42,1,17,0.25779191325053363,1,1,1
S1_hungarian,tracking,21,fedfb3a6cb804635a0f47143f9ca8d6f,1532402938197897,10.549946,40,1,22,0.26412676357244946,3,1,2
S1_hungarian,tracking,22,965f6af5a92449348409029a5f048a38,1532402938647444,10.999493,35,1,21,0.26506234067280987,1,1,
S1_hungarian,tracking,23,4711bcd34644420da8bc77163431888e,1532402939147334,11.499383,30,0,13,0.19386855912023693,1,1,4
S1_hungarian,tracking,24,a34fabc7aa674713b71f98ec541eb2d4,1532402939697511,12.04956,24,4,18,0.2247629437088694,1,1,2
S1_hungarian,tracking,25,c78067571d104caba7c568a847d56971,1532402940197958,12.550007,27,0,11,0.16163335930544007,2,3,1
S1_hungarian,tracking,26,4246e57f018745c9b2bc68feb3d71b58,1532402940797343,13.149392,27,0,13,0.17693328964396055,1,1,1
S1_hungarian,tracking,27,a7acb150914b40bdad9a2dc4e657cbf9,1532402941297218,13.649267,27,1,12,0.2239098608927655,3,,4
S1_hungarian,tracking,28,0cd661df01aa40c3bb3a773ba86f753a,1532402941797653,14.149702,27,0,9,0.1920858972364648,3,1,1
S1_hungarian,tracking,29,378a3a3e9af346308ab9dff8ced46d9c,1532402942197463,14.549512,25,5,9,0.14546855436850317,2,,3
S1_hungarian,tracking,30,eef55c3b48f34d949959b45130ee293a,1532402942697870,15.049919,25,0,10,0.27594244616278923,2,1,1
S1_hungarian,tracking,31,5fda58ee3ae44ab9b4bbac7a2de66c27,1532402943197769,15.549818,23,2,6,0.19107364493293663,2,,1
S1_hungarian,tracking,32,919e3c4cec934168a3152077a9adcbea,1532402943697655,16.049704,26,0,12,0.3064143657121274,,,2
S1_hungarian,tracking,33,b73152cab88f49d9ba195da81fde1809,1532402944198088,16.550137,23,2,5,0.19490819675402182,2,1,
S1_hungarian,tracking,34,6aa6fa91e0d1492e812eb7e57c47df6e,1532402944697931,17.04998,26,1,6,0.19516391042861647,1,,5
S1_hungarian,tracking,35,aa581aac963a4fad848ac11fe66e8637,1532402945197276,17.549325,25,0,9,0.4105427706656755,2,,2
S1_hungarian,tracking,36,67e5f88901214f3aa03d68e028185e22,1532402945697148,18.049197,27,1,10,0.3426276160842108,2,,3
S1_hungarian,tracking,37,29e056fc277543c9bc42310b122c640e,1532402946297085,18.649134,26,3,18,0.27995524021556506,2,,1
S1_hungarian,tracking,38,ed5fc18c31904f96a8f0dbb99ff069c0,1532402946797517,19.149566,26,1,15,0.22108510233768897,1,1,
S1_gated,tracking,0,ca9a282c9e77460f8360f564131a8af5,1532402927647951,0.0,15,1,17,0.14406992252599055,,,
S1_gated,tracking,1,39586f9d59004284a7114a68825e8eec,1532402928147847,0.499896,16,1,13,0.19207428934862894,1,,
S1_gated,tracking,2,356d81f38dd9473ba590f39e266f54e5,1532402928698048,1.050097,21,0,10,0.20378936864065636,2,1,
S1_gated,tracking,3,e0845f5322254dafadbbed75aaa07969,1532402929197353,1.549402,19,0,9,0.13152715332209733,4,,
S1_gated,tracking,4,c923fe08b2ff4e27975d2bf30934383b,1532402929697797,2.049846,19,1,4,0.2380156899824877,,1,
S1_gated,tracking,5,f1e3d9d08f044c439ce86a2d6fcca57b,1532402930152601,2.50465,20,0,2,0.22651315349836681,2,,1
S1_gated,tracking,6,4f545737bf3347fbbc9af60b0be9a963,1532402930648325,3.000374,21,2,8,0.17788660384891736,1,,1
S1_gated,tracking,7,7626dde27d604ac28a0240bdd54eba7a,1532402931198511,3.55056,25,1,9,0.15741782122699935,4,,1
S1_gated,tracking,8,be99ffc878b24aca8956bbb4e0f97d0c,1532402931697833,4.049882,28,2,15,0.16677961857675214,1,,
S1_gated,tracking,9,9813c23a5f1448b09bb7910fea9baf20,1532402932197715,4.549764,33,1,18,0.1983342563256502,2,,1
S1_gated,tracking,10,023c4df2d451409881d8e6ea82f14704,1532402932647284,4.999333,38,1,20,0.2333302242475158,1,1,
S1_gated,tracking,11,c235638ed66145988d17f9d0601923f2,1532402933146604,5.498653,41,0,19,0.23660347597504236,5,,
S1_gated,tracking,12,bc3c8a953f6b4dcdb77b521d89f3d9d5,1532402933646462,5.998511,40,1,21,0.22925964222613765,5,,1
S1_gated,tracking,13,1e3d79dae62742a0ad64c91679863358,1532402934146351,6.4984,43,0,20,0.2681876095135621,3,3,2
S1_gated,tracking,14,2afb9d32310e4546a71cbe432911eca2,1532402934696555,7.048604,44,1,30,0.2650289240133953,4,2,
S1_gated,tracking,15,cd21dbfc3bd749c7b10a5c42562e0c42,1532402935197541,7.54959,44,1,29,0.2868590069149058,1,1,1
S1_gated,tracking,16,88449a5cb1644a199c1c11f6ac034867,1532402935697945,8.049994,49,0,27,0.24017069962248808,5,1,2
S1_gated,tracking,17,2ff86dc19c4644a1a88ce5ba848f56e5,1532402936198962,8.551011,43,1,25,0.2135007884740679,1,,
S1_gated,tracking,18,bf2938e43c6f487497cda76b51bfc406,1532402936699359,9.051408,43,1,21,0.26684242227169724,1,1,2
S1_gated,tracking,19,b26e791522294bec90f86fd72226e35c,1532402937198682,9.550731,44,1,26,0.24031073996967336,,,3
S1_gated,tracking,20,c844bf5a9f2243ff8f4bf2c85fe218ff,1532402937698000,10.050049,42,1,17,0.27652677867832504,4,1,1
S1_gated,tracking,21,fedfb3a6cb804635a0f47143f9ca8d6f,1532402938197897,10.549946,40,1,22,0.2557869013086099,3,1,2
S1_gated,tracking,22,965f6af5a92449348409029a5f048a38,1532402938647444,10.999493,35,1,21,0.2578887753048721,3,,1
S1_gated,tracking,23,4711bcd34644420da8bc77163431888e,1532402939147334,11.499383,30,0,13,0.1700414734624847,,1,4
S1_gated,tracking,24,a34fabc7aa674713b71f98ec541eb2d4,1532402939697511,12.04956,24,4,18,0.15639158780260817,1,1,2
S1_gated,tracking,25,c78067571d104caba7c568a847d56971,1532402940197958,12.550007,27,0,11,0.16163335930544007,,3,1
S1_gated,tracking,26,4246e57f018745c9b2bc68feb3d71b58,1532402940797343,13.149392,27,0,13,0.17693328964396055,3,1,1
S1_gated,tracking,27,a7acb150914b40bdad9a2dc4e657cbf9,1532402941297218,13.649267,27,1,12,0.1982121304636097,1,,4
S1_gated,tracking,28,0cd661df01aa40c3bb3a773ba86f753a,1532402941797653,14.149702,27,0,9,0.1920858972364648,2,1,1
S1_gated,tracking,29,378a3a3e9af346308ab9dff8ced46d9c,1532402942197463,14.549512,25,5,9,0.1570739343910464,1,,3
S1_gated,tracking,30,eef55c3b48f34d949959b45130ee293a,1532402942697870,15.049919,25,0,10,0.21883763575852094,2,1,1
S1_gated,tracking,31,5fda58ee3ae44ab9b4bbac7a2de66c27,1532402943197769,15.549818,23,2,6,0.14208217345526358,1,,1
S1_gated,tracking,32,919e3c4cec934168a3152077a9adcbea,1532402943697655,16.049704,26,0,12,0.16654948469204142,,,2
S1_gated,tracking,33,b73152cab88f49d9ba195da81fde1809,1532402944198088,16.550137,23,2,5,0.14019308159926883,,1,
S1_gated,tracking,34,6aa6fa91e0d1492e812eb7e57c47df6e,1532402944697931,17.04998,26,1,6,0.14616232324640602,1,4,1
S1_gated,tracking,35,aa581aac963a4fad848ac11fe66e8637,1532402945197276,17.549325,25,0,9,0.3480781086663693,2,,2
S1_gated,tracking,36,67e5f88901214f3aa03d68e028185e22,1532402945697148,18.049197,27,1,10,0.2859717139011572,2,1,2
S1_gated,tracking,37,29e056fc277543c9bc42310b122c640e,1532402946297085,18.649134,26,3,18,0.23519236681647485,1,,1
S1_gated,tracking,38,ed5fc18c31904f96a8f0dbb99ff069c0,1532402946797517,19.149566,26,1,15,0.19052498174346683,2,1,
S2_kalman,tracking,0,ca9a282c9e77460f8360f564131a8af5,1532402927647951,0.0,15,1,17,0.14406992252599055,,,
S2_kalman,tracking,1,39586f9d59004284a7114a68825e8eec,1532402928147847,0.499896,16,1,13,0.19207428934862894,3,,
S2_kalman,tracking,2,356d81f38dd9473ba590f39e266f54e5,1532402928698048,1.050097,21,0,10,0.19532131401488934,4,1,
S2_kalman,tracking,3,e0845f5322254dafadbbed75aaa07969,1532402929197353,1.549402,19,0,9,0.1906742921983354,1,,
S2_kalman,tracking,4,c923fe08b2ff4e27975d2bf30934383b,1532402929697797,2.049846,19,1,4,0.22477204676468662,1,,1
S2_kalman,tracking,5,f1e3d9d08f044c439ce86a2d6fcca57b,1532402930152601,2.50465,20,0,2,0.24196551357705437,1,,1
S2_kalman,tracking,6,4f545737bf3347fbbc9af60b0be9a963,1532402930648325,3.000374,21,2,8,0.25915574845249906,1,,1
S2_kalman,tracking,7,7626dde27d604ac28a0240bdd54eba7a,1532402931198511,3.55056,25,1,9,0.19038771749696104,6,1,
S2_kalman,tracking,8,be99ffc878b24aca8956bbb4e0f97d0c,1532402931697833,4.049882,28,2,15,0.22374754637760738,1,,
S2_kalman,tracking,9,9813c23a5f1448b09bb7910fea9baf20,1532402932197715,4.549764,33,1,18,0.24585747697629956,2,,1
S2_kalman,tracking,10,023c4df2d451409881d8e6ea82f14704,1532402932647284,4.999333,38,1,20,0.25849322919548445,1,,1
S2_kalman,tracking,11,c235638ed66145988d17f9d0601923f2,1532402933146604,5.498653,41,0,19,0.2743600220114611,4,,
S2_kalman,tracking,12,bc3c8a953f6b4dcdb77b521d89f3d9d5,1532402933646462,5.998511,40,1,21,0.2717382353589574,4,1,
S2_kalman,tracking,13,1e3d79dae62742a0ad64c91679863358,1532402934146351,6.4984,43,0,20,0.3250020398345471,3,3,2
S2_kalman,tracking,14,2afb9d32310e4546a71cbe432911eca2,1532402934696555,7.048604,44,1,30,0.29875089262990556,4,2,
S2_kalman,tracking,15,cd21dbfc3bd749c7b10a5c42562e0c42,1532402935197541,7.54959,44,1,29,0.34639197968444135,1,2,
S2_kalman,tracking,16,88449a5cb1644a199c1c11f6ac034867,1532402935697945,8.049994,49,0,27,0.3100954406593053,4,1,2
S2_kalman,tracking,17,2ff86dc19c4644a1a88ce5ba848f56e5,1532402936198962,8.551011,43,1,25,0.2742893860536681,3,,
S2_kalman,tracking,18,bf2938e43c6f487497cda76b51bfc406,1532402936699359,9.051408,43,1,21,0.2883577664406789,2,2,1
S2_kalman,tracking,19,b26e791522294bec90f86fd72226e35c,1532402937198682,9.550731,44,1,26,0.2631757975107924,1,1,2
S2_kalman,tracking,20,c844bf5a9f2243ff8f4bf2c85fe218ff,1532402937698000,10.050049,41,2,18,0.27820086442635694,7,1,
S2_kalman,tracking,21,fedfb3a6cb804635a0f47143f9ca8d6f,1532402938197897,10.549946,40,1,22,0.35742610326367125,3,1,3
S2_kalman,tracking,22,965f6af5a92449348409029a5f048a38,1532402938647444,10.999493,35,1,21,0.2820905936410635,3,1,
S2_kalman,tracking,23,4711bcd34644420da8bc77163431888e,1532402939147334,11.499383,30,0,13,0.22181613187666152,,1,4
S2_kalman,tracking,24,a34fabc7aa674713b71f98ec541eb2d4,1532402939697511,12.04956,24,4,18,0.2150647412833063,2,1,2
S2_kalman,tracking,25,c78067571d104caba7c568a847d56971,1532402940197958,12.550007,27,0,11,0.24740139953371687,1,3,1
S2_kalman,tracking,26,4246e57f018745c9b2bc68feb3d71b58,1532402940797343,13.149392,27,0,13,0.27169665841876306,1,,2
S2_kalman,tracking,27,a7acb150914b40bdad9a2dc4e657cbf9,1532402941297218,13.649267,27,1,12,0.25132138500375095,,,4
S2_kalman,tracking,28,0cd661df01aa40c3bb3a773ba86f753a,1532402941797653,14.149702,27,0,9,0.22876638626314388,2,1,1
S2_kalman,tracking,29,378a3a3e9af346308ab9dff8ced46d9c,1532402942197463,14.549512,25,5,9,0.1570739343910464,2,1,2
S2_kalman,tracking,30,eef55c3b48f34d949959b45130ee293a,1532402942697870,15.049919,25,0,10,0.2025719748607427,2,1,1
S2_kalman,tracking,31,5fda58ee3ae44ab9b4bbac7a2de66c27,1532402943197769,15.549818,23,2,6,0.18861567566154966,3,,1
S2_kalman,tracking,32,919e3c4cec934168a3152077a9adcbea,1532402943697655,16.049704,26,0,12,0.26832796768597617,,,1
S2_kalman,tracking,33,b73152cab88f49d9ba195da81fde1809,1532402944198088,16.550137,23,2,5,0.14019308159926883,2,,1
S2_kalman,tracking,34,6aa6fa91e0d1492e812eb7e57c47df6e,1532402944697931,17.04998,26,1,6,0.21374646597209424,2,3,2
S2_kalman,tracking,35,aa581aac963a4fad848ac11fe66e8637,1532402945197276,17.549325,25,0,9,0.3760091892218844,2,,2
S2_kalman,tracking,36,67e5f88901214f3aa03d68e028185e22,1532402945697148,18.049197,27,1,10,0.2914049016888445,2,1,2
S2_kalman,tracking,37,29e056fc277543c9bc42310b122c640e,1532402946297085,18.649134,26,3,18,0.2959695229040103,1,,1
S2_kalman,tracking,38,ed5fc18c31904f96a8f0dbb99ff069c0,1532402946797517,19.149566,26,1,15,0.26241369882234294,4,1,
S3_rich_only,tracking,0,ca9a282c9e77460f8360f564131a8af5,1532402927647951,0.0,15,1,17,0.14406992252599055,,,
S3_rich_only,tracking,1,39586f9d59004284a7114a68825e8eec,1532402928147847,0.499896,16,1,13,0.19207428934862894,1,,
S3_rich_only,tracking,2,356d81f38dd9473ba590f39e266f54e5,1532402928698048,1.050097,21,0,10,0.20378936864065636,2,1,
S3_rich_only,tracking,3,e0845f5322254dafadbbed75aaa07969,1532402929197353,1.549402,19,0,9,0.13152715332209733,3,,
S3_rich_only,tracking,4,c923fe08b2ff4e27975d2bf30934383b,1532402929697797,2.049846,19,1,4,0.2380156899824877,,1,
S3_rich_only,tracking,5,f1e3d9d08f044c439ce86a2d6fcca57b,1532402930152601,2.50465,20,0,2,0.22651315349836681,2,1,
S3_rich_only,tracking,6,4f545737bf3347fbbc9af60b0be9a963,1532402930648325,3.000374,21,2,8,0.17788660384891736,1,,1
S3_rich_only,tracking,7,7626dde27d604ac28a0240bdd54eba7a,1532402931198511,3.55056,25,1,9,0.15741782122699935,4,,1
S3_rich_only,tracking,8,be99ffc878b24aca8956bbb4e0f97d0c,1532402931697833,4.049882,28,2,15,0.16677961857675214,1,,
S3_rich_only,tracking,9,9813c23a5f1448b09bb7910fea9baf20,1532402932197715,4.549764,33,1,18,0.19833425632565016,3,,1
S3_rich_only,tracking,10,023c4df2d451409881d8e6ea82f14704,1532402932647284,4.999333,38,1,20,0.2333302242475158,2,1,
S3_rich_only,tracking,11,c235638ed66145988d17f9d0601923f2,1532402933146604,5.498653,41,0,19,0.23885725042717332,5,,
S3_rich_only,tracking,12,bc3c8a953f6b4dcdb77b521d89f3d9d5,1532402933646462,5.998511,40,1,21,0.2544357009390528,5,1,
S3_rich_only,tracking,13,1e3d79dae62742a0ad64c91679863358,1532402934146351,6.4984,43,0,20,0.2984099064390257,4,3,2
S3_rich_only,tracking,14,2afb9d32310e4546a71cbe432911eca2,1532402934696555,7.048604,44,1,30,0.29635681439273276,4,2,
S3_rich_only,tracking,15,cd21dbfc3bd749c7b10a5c42562e0c42,1532402935197541,7.54959,44,1,29,0.31372621385225197,1,1,1
S3_rich_only,tracking,16,88449a5cb1644a199c1c11f6ac034867,1532402935697945,8.049994,49,0,27,0.2623489830274708,5,1,2
S3_rich_only,tracking,17,2ff86dc19c4644a1a88ce5ba848f56e5,1532402936198962,8.551011,43,1,25,0.24680396027350343,1,,
S3_rich_only,tracking,18,bf2938e43c6f487497cda76b51bfc406,1532402936699359,9.051408,43,1,21,0.2612701065674657,2,1,2
S3_rich_only,tracking,19,b26e791522294bec90f86fd72226e35c,1532402937198682,9.550731,44,1,26,0.24031073996967336,1,,3
S3_rich_only,tracking,20,c844bf5a9f2243ff8f4bf2c85fe218ff,1532402937698000,10.050049,42,1,17,0.2421210253092999,4,1,1
S3_rich_only,tracking,21,fedfb3a6cb804635a0f47143f9ca8d6f,1532402938197897,10.549946,40,1,22,0.2557869013086099,2,1,2
S3_rich_only,tracking,22,965f6af5a92449348409029a5f048a38,1532402938647444,10.999493,35,1,21,0.2578887753048721,3,,1
S3_rich_only,tracking,23,4711bcd34644420da8bc77163431888e,1532402939147334,11.499383,30,0,13,0.1700414734624847,,1,4
S3_rich_only,tracking,24,a34fabc7aa674713b71f98ec541eb2d4,1532402939697511,12.04956,24,4,18,0.15639158780260817,1,1,2
S3_rich_only,tracking,25,c78067571d104caba7c568a847d56971,1532402940197958,12.550007,27,0,11,0.16163335930544007,,3,1
S3_rich_only,tracking,26,4246e57f018745c9b2bc68feb3d71b58,1532402940797343,13.149392,27,0,13,0.17693328964396055,2,1,1
S3_rich_only,tracking,27,a7acb150914b40bdad9a2dc4e657cbf9,1532402941297218,13.649267,27,1,12,0.1982121304636097,1,,4
S3_rich_only,tracking,28,0cd661df01aa40c3bb3a773ba86f753a,1532402941797653,14.149702,27,0,9,0.1920858972364648,2,1,1
S3_rich_only,tracking,29,378a3a3e9af346308ab9dff8ced46d9c,1532402942197463,14.549512,25,5,9,0.1570739343910464,1,,3
S3_rich_only,tracking,30,eef55c3b48f34d949959b45130ee293a,1532402942697870,15.049919,25,0,10,0.21883763575852094,2,1,1
S3_rich_only,tracking,31,5fda58ee3ae44ab9b4bbac7a2de66c27,1532402943197769,15.549818,23,2,6,0.14208217345526358,1,,1
S3_rich_only,tracking,32,919e3c4cec934168a3152077a9adcbea,1532402943697655,16.049704,26,0,12,0.16654948469204142,,,2
S3_rich_only,tracking,33,b73152cab88f49d9ba195da81fde1809,1532402944198088,16.550137,23,2,5,0.14019308159926883,,1,
S3_rich_only,tracking,34,6aa6fa91e0d1492e812eb7e57c47df6e,1532402944697931,17.04998,26,1,6,0.14616232324640602,1,4,1
S3_rich_only,tracking,35,aa581aac963a4fad848ac11fe66e8637,1532402945197276,17.549325,25,0,9,0.3480781086663693,2,,2
S3_rich_only,tracking,36,67e5f88901214f3aa03d68e028185e22,1532402945697148,18.049197,27,1,10,0.2859717139011572,2,1,2
S3_rich_only,tracking,37,29e056fc277543c9bc42310b122c640e,1532402946297085,18.649134,26,3,18,0.23519236681647485,1,,1
S3_rich_only,tracking,38,ed5fc18c31904f96a8f0dbb99ff069c0,1532402946797517,19.149566,26,1,15,0.19052498174346683,2,1,
S3_kalman_rich,tracking,0,ca9a282c9e77460f8360f564131a8af5,1532402927647951,0.0,15,1,17,0.14406992252599055,,,
S3_kalman_rich,tracking,1,39586f9d59004284a7114a68825e8eec,1532402928147847,0.499896,16,1,13,0.19207428934862894,3,,
S3_kalman_rich,tracking,2,356d81f38dd9473ba590f39e266f54e5,1532402928698048,1.050097,21,0,10,0.19532131401488934,4,1,
S3_kalman_rich,tracking,3,e0845f5322254dafadbbed75aaa07969,1532402929197353,1.549402,19,0,9,0.1906742921983354,1,,
S3_kalman_rich,tracking,4,c923fe08b2ff4e27975d2bf30934383b,1532402929697797,2.049846,19,1,4,0.22477204676468662,1,,1
S3_kalman_rich,tracking,5,f1e3d9d08f044c439ce86a2d6fcca57b,1532402930152601,2.50465,20,0,2,0.24196551357705437,1,,1
S3_kalman_rich,tracking,6,4f545737bf3347fbbc9af60b0be9a963,1532402930648325,3.000374,21,2,8,0.25915574845249906,1,,1
S3_kalman_rich,tracking,7,7626dde27d604ac28a0240bdd54eba7a,1532402931198511,3.55056,25,1,9,0.19038771749696104,6,1,
S3_kalman_rich,tracking,8,be99ffc878b24aca8956bbb4e0f97d0c,1532402931697833,4.049882,28,2,15,0.22374754637760738,1,,
S3_kalman_rich,tracking,9,9813c23a5f1448b09bb7910fea9baf20,1532402932197715,4.549764,33,1,18,0.24585747697629956,1,,1
S3_kalman_rich,tracking,10,023c4df2d451409881d8e6ea82f14704,1532402932647284,4.999333,38,1,20,0.25849322919548445,1,,1
S3_kalman_rich,tracking,11,c235638ed66145988d17f9d0601923f2,1532402933146604,5.498653,41,0,19,0.2610573784537682,4,,
S3_kalman_rich,tracking,12,bc3c8a953f6b4dcdb77b521d89f3d9d5,1532402933646462,5.998511,40,1,21,0.2517131436394113,4,1,
S3_kalman_rich,tracking,13,1e3d79dae62742a0ad64c91679863358,1532402934146351,6.4984,43,0,20,0.30644563131696057,2,3,2
S3_kalman_rich,tracking,14,2afb9d32310e4546a71cbe432911eca2,1532402934696555,7.048604,44,1,30,0.22731142450820574,5,2,
S3_kalman_rich,tracking,15,cd21dbfc3bd749c7b10a5c42562e0c42,1532402935197541,7.54959,44,1,29,0.29526251332408343,1,1,1
S3_kalman_rich,tracking,16,88449a5cb1644a199c1c11f6ac034867,1532402935697945,8.049994,49,0,27,0.2638045073314777,3,1,2
S3_kalman_rich,tracking,17,2ff86dc19c4644a1a88ce5ba848f56e5,1532402936198962,8.551011,43,1,25,0.30252120150058837,3,,
S3_kalman_rich,tracking,18,bf2938e43c6f487497cda76b51bfc406,1532402936699359,9.051408,43,1,21,0.3321572150170588,2,2,1
S3_kalman_rich,tracking,19,b26e791522294bec90f86fd72226e35c,1532402937198682,9.550731,44,1,26,0.2333075297951778,3,1,2
S3_kalman_rich,tracking,20,c844bf5a9f2243ff8f4bf2c85fe218ff,1532402937698000,10.050049,41,2,18,0.24758744289885556,5,1,
S3_kalman_rich,tracking,21,fedfb3a6cb804635a0f47143f9ca8d6f,1532402938197897,10.549946,40,1,22,0.33342642630041075,4,1,3
S3_kalman_rich,tracking,22,965f6af5a92449348409029a5f048a38,1532402938647444,10.999493,35,1,21,0.2694251130075203,1,1,
S3_kalman_rich,tracking,23,4711bcd34644420da8bc77163431888e,1532402939147334,11.499383,30,0,13,0.19386855912023693,,1,4
S3_kalman_rich,tracking,24,a34fabc7aa674713b71f98ec541eb2d4,1532402939697511,12.04956,24,4,18,0.20182194094653513,2,1,2
S3_kalman_rich,tracking,25,c78067571d104caba7c568a847d56971,1532402940197958,12.550007,27,0,11,0.19699209677353374,1,3,1
S3_kalman_rich,tracking,26,4246e57f018745c9b2bc68feb3d71b58,1532402940797343,13.149392,27,0,13,0.2466774536607035,1,,2
S3_kalman_rich,tracking,27,a7acb150914b40bdad9a2dc4e657cbf9,1532402941297218,13.649267,27,1,12,0.21676303339029931,1,,4
S3_kalman_rich,tracking,28,0cd661df01aa40c3bb3a773ba86f753a,1532402941797653,14.149702,27,0,9,0.20596590399198536,3,1,1
S3_kalman_rich,tracking,29,378a3a3e9af346308ab9dff8ced46d9c,1532402942197463,14.549512,25,5,9,0.15707393439104642,1,1,2
S3_kalman_rich,tracking,30,eef55c3b48f34d949959b45130ee293a,1532402942697870,15.049919,25,0,10,0.2025719748607427,2,1,1
S3_kalman_rich,tracking,31,5fda58ee3ae44ab9b4bbac7a2de66c27,1532402943197769,15.549818,23,2,6,0.18861567566154966,3,,1
S3_kalman_rich,tracking,32,919e3c4cec934168a3152077a9adcbea,1532402943697655,16.049704,26,0,12,0.26832796768597617,,,1
S3_kalman_rich,tracking,33,b73152cab88f49d9ba195da81fde1809,1532402944198088,16.550137,23,2,5,0.14019308159926883,2,,1
S3_kalman_rich,tracking,34,6aa6fa91e0d1492e812eb7e57c47df6e,1532402944697931,17.04998,26,1,6,0.26605393892811613,2,3,2
S3_kalman_rich,tracking,35,aa581aac963a4fad848ac11fe66e8637,1532402945197276,17.549325,25,0,9,0.33731478067489734,3,1,1
S3_kalman_rich,tracking,36,67e5f88901214f3aa03d68e028185e22,1532402945697148,18.049197,27,1,10,0.2396279486432597,2,1,2
S3_kalman_rich,tracking,37,29e056fc277543c9bc42310b122c640e,1532402946297085,18.649134,26,3,18,0.29596952290401035,3,,1
S3_kalman_rich,tracking,38,ed5fc18c31904f96a8f0dbb99ff069c0,1532402946797517,19.149566,26,1,15,0.26241369882234294,5,1,
S4_greedy_high,tracking,0,ca9a282c9e77460f8360f564131a8af5,1532402927647951,0.0,14,2,2,0.11516724946572354,,,
S4_greedy_high,tracking,1,39586f9d59004284a7114a68825e8eec,1532402928147847,0.499896,16,1,4,0.15980622771744657,,,
S4_greedy_high,tracking,2,356d81f38dd9473ba590f39e266f54e5,1532402928698048,1.050097,20,1,3,0.17903052172570466,,,
S4_greedy_high,tracking,3,e0845f5322254dafadbbed75aaa07969,1532402929197353,1.549402,18,1,4,0.13760298928243428,1,,
S4_greedy_high,tracking,4,c923fe08b2ff4e27975d2bf30934383b,1532402929697797,2.049846,19,1,3,0.12770632840721735,,1,
S4_greedy_high,tracking,5,f1e3d9d08f044c439ce86a2d6fcca57b,1532402930152601,2.50465,19,1,2,0.11626450934089685,,,
S4_greedy_high,tracking,6,4f545737bf3347fbbc9af60b0be9a963,1532402930648325,3.000374,19,4,3,0.14485515696510684,,,
S4_greedy_high,tracking,7,7626dde27d604ac28a0240bdd54eba7a,1532402931198511,3.55056,25,1,3,0.18351526502088444,,1,1
S4_greedy_high,tracking,8,be99ffc878b24aca8956bbb4e0f97d0c,1532402931697833,4.049882,27,3,6,0.1742156084250059,,,
S4_greedy_high,tracking,9,9813c23a5f1448b09bb7910fea9baf20,1532402932197715,4.549764,32,2,5,0.20058643399092527,,,1
S4_greedy_high,tracking,10,023c4df2d451409881d8e6ea82f14704,1532402932647284,4.999333,35,4,6,0.19953104608925665,,1,
S4_greedy_high,tracking,11,c235638ed66145988d17f9d0601923f2,1532402933146604,5.498653,38,3,3,0.27763524614351137,1,,
S4_greedy_high,tracking,12,bc3c8a953f6b4dcdb77b521d89f3d9d5,1532402933646462,5.998511,38,3,5,0.24628371463585014,2,1,
S4_greedy_high,tracking,13,1e3d79dae62742a0ad64c91679863358,1532402934146351,6.4984,41,2,7,0.24902872426260897,2,3,1
S4_greedy_high,tracking,14,2afb9d32310e4546a71cbe432911eca2,1532402934696555,7.048604,43,2,7,0.2945642013088116,2,1,
S4_greedy_high,tracking,15,cd21dbfc3bd749c7b10a5c42562e0c42,1532402935197541,7.54959,44,1,10,0.3095186594744796,,1,1
S4_greedy_high,tracking,16,88449a5cb1644a199c1c11f6ac034867,1532402935697945,8.049994,46,3,9,0.34264059240736916,2,1,1
S4_greedy_high,tracking,17,2ff86dc19c4644a1a88ce5ba848f56e5,1532402936198962,8.551011,43,1,12,0.306517136504169,2,,
S4_greedy_high,tracking,18,bf2938e43c6f487497cda76b51bfc406,1532402936699359,9.051408,43,1,9,0.34014336576040477,2,2,1
S4_greedy_high,tracking,19,b26e791522294bec90f86fd72226e35c,1532402937198682,9.550731,44,1,8,0.3079574323479597,,2,1
S4_greedy_high,tracking,20,c844bf5a9f2243ff8f4bf2c85fe218ff,1532402937698000,10.050049,42,1,7,0.3261869349417744,,1,1
S4_greedy_high,tracking,21,fedfb3a6cb804635a0f47143f9ca8d6f,1532402938197897,10.549946,40,1,8,0.3603457209473138,,3,
S4_greedy_high,tracking,22,965f6af5a92449348409029a5f048a38,1532402938647444,10.999493,35,1,13,0.350619857877501,,1,
S4_greedy_high,tracking,23,4711bcd34644420da8bc77163431888e,1532402939147334,11.499383,27,3,9,0.29736989402154956,,1,2
S4_greedy_high,tracking,24,a34fabc7aa674713b71f98ec541eb2d4,1532402939697511,12.04956,23,5,8,0.31251484509794014,,2,1
S4_greedy_high,tracking,25,c78067571d104caba7c568a847d56971,1532402940197958,12.550007,26,1,5,0.22048598896777216,,2,1
S4_greedy_high,tracking,26,4246e57f018745c9b2bc68feb3d71b58,1532402940797343,13.149392,25,2,8,0.2800344694749274,,,2
S4_greedy_high,tracking,27,a7acb150914b40bdad9a2dc4e657cbf9,1532402941297218,13.649267,25,3,6,0.21546037412058305,,,3
S4_greedy_high,tracking,28,0cd661df01aa40c3bb3a773ba86f753a,1532402941797653,14.149702,23,4,4,0.1373825466798075,2,1,
S4_greedy_high,tracking,29,378a3a3e9af346308ab9dff8ced46d9c,1532402942197463,14.549512,23,7,4,0.1509656733011879,,,1
S4_greedy_high,tracking,30,eef55c3b48f34d949959b45130ee293a,1532402942697870,15.049919,24,1,3,0.15747302595564686,,,2
S4_greedy_high,tracking,31,5fda58ee3ae44ab9b4bbac7a2de66c27,1532402943197769,15.549818,23,2,2,0.15317134659927062,,,1
S4_greedy_high,tracking,32,919e3c4cec934168a3152077a9adcbea,1532402943697655,16.049704,23,3,3,0.12887798094742137,,,
S4_greedy_high,tracking,33,b73152cab88f49d9ba195da81fde1809,1532402944198088,16.550137,23,2,2,0.1682491117915192,,1,
S4_greedy_high,tracking,34,6aa6fa91e0d1492e812eb7e57c47df6e,1532402944697931,17.04998,25,2,3,0.1497014334768312,2,4,
S4_greedy_high,tracking,35,aa581aac963a4fad848ac11fe66e8637,1532402945197276,17.549325,24,1,4,0.22202461485545197,,,1
S4_greedy_high,tracking,36,67e5f88901214f3aa03d68e028185e22,1532402945697148,18.049197,26,2,7,0.20987447682427612,,1,2
S4_greedy_high,tracking,37,29e056fc277543c9bc42310b122c640e,1532402946297085,18.649134,25,4,6,0.20420567959992217,1,,1
S4_greedy_high,tracking,38,ed5fc18c31904f96a8f0dbb99ff069c0,1532402946797517,19.149566,25,2,8,0.21307001325850894,1,1,
S4_greedy_low,tracking,0,ca9a282c9e77460f8360f564131a8af5,1532402927647951,0.0,15,1,17,0.14406992252599055,,,
S4_greedy_low,tracking,1,39586f9d59004284a7114a68825e8eec,1532402928147847,0.499896,16,1,13,0.15980622771744657,,,
S4_greedy_low,tracking,2,356d81f38dd9473ba590f39e266f54e5,1532402928698048,1.050097,21,0,10,0.17204821660564734,1,1,
S4_greedy_low,tracking,3,e0845f5322254dafadbbed75aaa07969,1532402929197353,1.549402,19,0,9,0.13152715332209733,2,,
S4_greedy_low,tracking,4,c923fe08b2ff4e27975d2bf30934383b,1532402929697797,2.049846,19,1,4,0.12770632840721735,,1,
S4_greedy_low,tracking,5,f1e3d9d08f044c439ce86a2d6fcca57b,1532402930152601,2.50465,20,0,2,0.1189319681014603,,1,
S4_greedy_low,tracking,6,4f545737bf3347fbbc9af60b0be9a963,1532402930648325,3.000374,21,2,8,0.14405595856566508,,,1
S4_greedy_low,tracking,7,7626dde27d604ac28a0240bdd54eba7a,1532402931198511,3.55056,25,1,9,0.14170853046545592,2,,1
S4_greedy_low,tracking,8,be99ffc878b24aca8956bbb4e0f97d0c,1532402931697833,4.049882,28,2,15,0.17353312685436104,,,
S4_greedy_low,tracking,9,9813c23a5f1448b09bb7910fea9baf20,1532402932197715,4.549764,33,1,18,0.18907006068050353,1,,1
S4_greedy_low,tracking,10,023c4df2d451409881d8e6ea82f14704,1532402932647284,4.999333,38,1,20,0.21685346152464086,1,1,
S4_greedy_low,tracking,11,c235638ed66145988d17f9d0601923f2,1532402933146604,5.498653,41,0,19,0.23461903002631918,1,,
S4_greedy_low,tracking,12,bc3c8a953f6b4dcdb77b521d89f3d9d5,1532402933646462,5.998511,40,1,21,0.2571600976672731,3,1,
S4_greedy_low,tracking,13,1e3d79dae62742a0ad64c91679863358,1532402934146351,6.4984,43,0,20,0.30165881116573995,2,3,2
S4_greedy_low,tracking,14,2afb9d32310e4546a71cbe432911eca2,1532402934696555,7.048604,44,1,30,0.31973693502481204,2,2,
S4_greedy_low,tracking,15,cd21dbfc3bd749c7b10a5c42562e0c42,1532402935197541,7.54959,44,1,29,0.31294028306887794,1,2,
S4_greedy_low,tracking,16,88449a5cb1644a199c1c11f6ac034867,1532402935697945,8.049994,49,0,27,0.2637944077309822,2,1,2
S4_greedy_low,tracking,17,2ff86dc19c4644a1a88ce5ba848f56e5,1532402936198962,8.551011,43,1,25,0.2122803332956089,4,,
S4_greedy_low,tracking,18,bf2938e43c6f487497cda76b51bfc406,1532402936699359,9.051408,43,1,21,0.25923709715471227,3,2,1
S4_greedy_low,tracking,19,b26e791522294bec90f86fd72226e35c,1532402937198682,9.550731,44,1,26,0.21735920426065763,1,2,1
S4_greedy_low,tracking,20,c844bf5a9f2243ff8f4bf2c85fe218ff,1532402937698000,10.050049,42,1,17,0.23352998063005986,,1,1
S4_greedy_low,tracking,21,fedfb3a6cb804635a0f47143f9ca8d6f,1532402938197897,10.549946,40,1,22,0.2572314215474426,,2,1
S4_greedy_low,tracking,22,965f6af5a92449348409029a5f048a38,1532402938647444,10.999493,35,1,21,0.26175169217207517,,1,
S4_greedy_low,tracking,23,4711bcd34644420da8bc77163431888e,1532402939147334,11.499383,30,0,13,0.2047851411459854,,1,4
S4_greedy_low,tracking,24,a34fabc7aa674713b71f98ec541eb2d4,1532402939697511,12.04956,24,4,18,0.1844014851287061,1,1,2
S4_greedy_low,tracking,25,c78067571d104caba7c568a847d56971,1532402940197958,12.550007,27,0,11,0.1432112542933096,1,3,1
S4_greedy_low,tracking,26,4246e57f018745c9b2bc68feb3d71b58,1532402940797343,13.149392,27,0,13,0.17693328964396057,,,2
S4_greedy_low,tracking,27,a7acb150914b40bdad9a2dc4e657cbf9,1532402941297218,13.649267,27,1,12,0.18120348629874897,1,,4
S4_greedy_low,tracking,28,0cd661df01aa40c3bb3a773ba86f753a,1532402941797653,14.149702,27,0,9,0.19208589723646483,,1,1
S4_greedy_low,tracking,29,378a3a3e9af346308ab9dff8ced46d9c,1532402942197463,14.549512,25,5,9,0.15752752225832375,1,,3
S4_greedy_low,tracking,30,eef55c3b48f34d949959b45130ee293a,1532402942697870,15.049919,25,0,10,0.16893228775644964,1,1,1
S4_greedy_low,tracking,31,5fda58ee3ae44ab9b4bbac7a2de66c27,1532402943197769,15.549818,23,2,6,0.15317134659927065,1,,1
S4_greedy_low,tracking,32,919e3c4cec934168a3152077a9adcbea,1532402943697655,16.049704,26,0,12,0.16654948469204142,,,1
S4_greedy_low,tracking,33,b73152cab88f49d9ba195da81fde1809,1532402944198088,16.550137,23,2,5,0.14828492345671265,,1,
S4_greedy_low,tracking,34,6aa6fa91e0d1492e812eb7e57c47df6e,1532402944697931,17.04998,26,1,6,0.1679062945611648,2,4,1
S4_greedy_low,tracking,35,aa581aac963a4fad848ac11fe66e8637,1532402945197276,17.549325,25,0,9,0.22441380049048287,1,,2
S4_greedy_low,tracking,36,67e5f88901214f3aa03d68e028185e22,1532402945697148,18.049197,27,1,10,0.19856179163655394,2,1,2
S4_greedy_low,tracking,37,29e056fc277543c9bc42310b122c640e,1532402946297085,18.649134,26,3,18,0.20255492430445649,,,1
S4_greedy_low,tracking,38,ed5fc18c31904f96a8f0dbb99ff069c0,1532402946797517,19.149566,26,1,15,0.17604713631174598,1,1,
S4_high_birth,tracking,0,ca9a282c9e77460f8360f564131a8af5,1532402927647951,0.0,14,2,2,0.11516724946572354,,,
S4_high_birth,tracking,1,39586f9d59004284a7114a68825e8eec,1532402928147847,0.499896,16,1,4,0.15980622771744657,,,
S4_high_birth,tracking,2,356d81f38dd9473ba590f39e266f54e5,1532402928698048,1.050097,20,1,3,0.14945602492895138,,,
S4_high_birth,tracking,3,e0845f5322254dafadbbed75aaa07969,1532402929197353,1.549402,18,1,4,0.13760298928243428,,,
S4_high_birth,tracking,4,c923fe08b2ff4e27975d2bf30934383b,1532402929697797,2.049846,19,1,3,0.12770632840721735,,1,
S4_high_birth,tracking,5,f1e3d9d08f044c439ce86a2d6fcca57b,1532402930152601,2.50465,19,1,2,0.11626450934089685,,,
S4_high_birth,tracking,6,4f545737bf3347fbbc9af60b0be9a963,1532402930648325,3.000374,19,4,3,0.14485515696510684,,,
S4_high_birth,tracking,7,7626dde27d604ac28a0240bdd54eba7a,1532402931198511,3.55056,25,1,3,0.18351526502088444,,1,1
S4_high_birth,tracking,8,be99ffc878b24aca8956bbb4e0f97d0c,1532402931697833,4.049882,27,3,4,0.1742156084250059,,,
S4_high_birth,tracking,9,9813c23a5f1448b09bb7910fea9baf20,1532402932197715,4.549764,32,2,3,0.20058643399092527,,,1
S4_high_birth,tracking,10,023c4df2d451409881d8e6ea82f14704,1532402932647284,4.999333,35,4,5,0.21263218942995074,,1,
S4_high_birth,tracking,11,c235638ed66145988d17f9d0601923f2,1532402933146604,5.498653,37,4,3,0.2500836516029123,1,,
S4_high_birth,tracking,12,bc3c8a953f6b4dcdb77b521d89f3d9d5,1532402933646462,5.998511,38,3,5,0.25267103808468105,1,,1
S4_high_birth,tracking,13,1e3d79dae62742a0ad64c91679863358,1532402934146351,6.4984,41,2,7,0.2819787741598803,,2,1
S4_high_birth,tracking,14,2afb9d32310e4546a71cbe432911eca2,1532402934696555,7.048604,43,2,7,0.2506477810388687,1,1,
S4_high_birth,tracking,15,cd21dbfc3bd749c7b10a5c42562e0c42,1532402935197541,7.54959,43,2,9,0.2510862517586789,1,1,
S4_high_birth,tracking,16,88449a5cb1644a199c1c11f6ac034867,1532402935697945,8.049994,46,3,9,0.24173762168816956,1,3,
S4_high_birth,tracking,17,2ff86dc19c4644a1a88ce5ba848f56e5,1532402936198962,8.551011,43,1,11,0.21350078847406795,2,,
S4_high_birth,tracking,18,bf2938e43c6f487497cda76b51bfc406,1532402936699359,9.051408,42,2,8,0.2640463787238894,1,2,
S4_high_birth,tracking,19,b26e791522294bec90f86fd72226e35c,1532402937198682,9.550731,43,2,7,0.23730826959913726,,2,1
S4_high_birth,tracking,20,c844bf5a9f2243ff8f4bf2c85fe218ff,1532402937698000,10.050049,42,1,7,0.2925734586852607,,2,1
S4_high_birth,tracking,21,fedfb3a6cb804635a0f47143f9ca8d6f,1532402938197897,10.549946,40,1,7,0.3083928628660825,1,3,
S4_high_birth,tracking,22,965f6af5a92449348409029a5f048a38,1532402938647444,10.999493,35,1,12,0.2809212817620512,2,1,
S4_high_birth,tracking,23,4711bcd34644420da8bc77163431888e,1532402939147334,11.499383,27,3,9,0.17766444387875938,,2,1
S4_high_birth,tracking,24,a34fabc7aa674713b71f98ec541eb2d4,1532402939697511,12.04956,23,5,6,0.18318847114333722,,2,1
S4_high_birth,tracking,25,c78067571d104caba7c568a847d56971,1532402940197958,12.550007,26,1,5,0.13724164215298082,,2,1
S4_high_birth,tracking,26,4246e57f018745c9b2bc68feb3d71b58,1532402940797343,13.149392,25,2,8,0.20945464144440198,,,2
S4_high_birth,tracking,27,a7acb150914b40bdad9a2dc4e657cbf9,1532402941297218,13.649267,25,3,4,0.15956694204038085,,,3
S4_high_birth,tracking,28,0cd661df01aa40c3bb3a773ba86f753a,1532402941797653,14.149702,23,4,4,0.16414833021551534,,1,
S4_high_birth,tracking,29,378a3a3e9af346308ab9dff8ced46d9c,1532402942197463,14.549512,23,7,3,0.19780143735136352,,,1
S4_high_birth,tracking,30,eef55c3b48f34d949959b45130ee293a,1532402942697870,15.049919,24,1,3,0.19241816896848873,,,2
S4_high_birth,tracking,31,5fda58ee3ae44ab9b4bbac7a2de66c27,1532402943197769,15.549818,23,2,1,0.1489628125802428,1,,1
S4_high_birth,tracking,32,919e3c4cec934168a3152077a9adcbea,1532402943697655,16.049704,23,3,1,0.12606243388690358,,,
S4_high_birth,tracking,33,b73152cab88f49d9ba195da81fde1809,1532402944198088,16.550137,23,2,2,0.1601572699340754,,1,
S4_high_birth,tracking,34,6aa6fa91e0d1492e812eb7e57c47df6e,1532402944697931,17.04998,25,2,3,0.16471265795235318,1,4,
S4_high_birth,tracking,35,aa581aac963a4fad848ac11fe66e8637,1532402945197276,17.549325,24,1,3,0.2310290999361078,,,1
S4_high_birth,tracking,36,67e5f88901214f3aa03d68e028185e22,1532402945697148,18.049197,26,2,6,0.2459617887190758,,1,2
S4_high_birth,tracking,37,29e056fc277543c9bc42310b122c640e,1532402946297085,18.649134,25,4,7,0.27893370364783215,1,,1
S4_high_birth,tracking,38,ed5fc18c31904f96a8f0dbb99ff069c0,1532402946797517,19.149566,25,2,8,0.2430140625576496,1,1,
S4_low_birth,tracking,0,ca9a282c9e77460f8360f564131a8af5,1532402927647951,0.0,15,1,17,0.14406992252599055,,,
S4_low_birth,tracking,1,39586f9d59004284a7114a68825e8eec,1532402928147847,0.499896,16,1,13,0.15980622771744657,,,
S4_low_birth,tracking,2,356d81f38dd9473ba590f39e266f54e5,1532402928698048,1.050097,21,0,10,0.14388202918016804,1,1,
S4_low_birth,tracking,3,e0845f5322254dafadbbed75aaa07969,1532402929197353,1.549402,19,0,9,0.12467228002084586,2,,
S4_low_birth,tracking,4,c923fe08b2ff4e27975d2bf30934383b,1532402929697797,2.049846,19,1,4,0.13718511622787002,,,1
S4_low_birth,tracking,5,f1e3d9d08f044c439ce86a2d6fcca57b,1532402930152601,2.50465,20,0,2,0.13997940560559796,,1,
S4_low_birth,tracking,6,4f545737bf3347fbbc9af60b0be9a963,1532402930648325,3.000374,21,2,8,0.1440559585656651,1,,1
S4_low_birth,tracking,7,7626dde27d604ac28a0240bdd54eba7a,1532402931198511,3.55056,25,1,9,0.14170853046545592,2,,1
S4_low_birth,tracking,8,be99ffc878b24aca8956bbb4e0f97d0c,1532402931697833,4.049882,28,2,15,0.17353312685436104,,,
S4_low_birth,tracking,9,9813c23a5f1448b09bb7910fea9baf20,1532402932197715,4.549764,33,1,18,0.1759237649639241,2,,1
S4_low_birth,tracking,10,023c4df2d451409881d8e6ea82f14704,1532402932647284,4.999333,38,1,20,0.20886682059853676,2,1,
S4_low_birth,tracking,11,c235638ed66145988d17f9d0601923f2,1532402933146604,5.498653,41,0,19,0.24077127554623393,1,,
S4_low_birth,tracking,12,bc3c8a953f6b4dcdb77b521d89f3d9d5,1532402933646462,5.998511,40,1,21,0.21879264522891448,3,,1
S4_low_birth,tracking,13,1e3d79dae62742a0ad64c91679863358,1532402934146351,6.4984,43,0,20,0.22807719638020157,2,2,3
S4_low_birth,tracking,14,2afb9d32310e4546a71cbe432911eca2,1532402934696555,7.048604,44,1,30,0.2270232081443129,1,1,1
S4_low_birth,tracking,15,cd21dbfc3bd749c7b10a5c42562e0c42,1532402935197541,7.54959,44,1,29,0.253043712111194,1,1,1
S4_low_birth,tracking,16,88449a5cb1644a199c1c11f6ac034867,1532402935697945,8.049994,49,0,27,0.2395402299035111,1,1,2
S4_low_birth,tracking,17,2ff86dc19c4644a1a88ce5ba848f56e5,1532402936198962,8.551011,43,1,25,0.21914906115426316,3,,
S4_low_birth,tracking,18,bf2938e43c6f487497cda76b51bfc406,1532402936699359,9.051408,43,1,21,0.26657090611092277,2,1,2
S4_low_birth,tracking,19,b26e791522294bec90f86fd72226e35c,1532402937198682,9.550731,44,1,26,0.24883217331925556,,1,2
S4_low_birth,tracking,20,c844bf5a9f2243ff8f4bf2c85fe218ff,1532402937698000,10.050049,42,1,17,0.2690437954685941,,1,1
S4_low_birth,tracking,21,fedfb3a6cb804635a0f47143f9ca8d6f,1532402938197897,10.549946,40,1,22,0.29082248998015875,1,2,1
S4_low_birth,tracking,22,965f6af5a92449348409029a5f048a38,1532402938647444,10.999493,35,1,21,0.2818228034805209,1,1,
S4_low_birth,tracking,23,4711bcd34644420da8bc77163431888e,1532402939147334,11.499383,30,0,13,0.20478514114598542,1,1,4
S4_low_birth,tracking,24,a34fabc7aa674713b71f98ec541eb2d4,1532402939697511,12.04956,24,4,18,0.1844014851287061,1,1,2
S4_low_birth,tracking,25,c78067571d104caba7c568a847d56971,1532402940197958,12.550007,27,0,11,0.1432112542933096,1,2,2
S4_low_birth,tracking,26,4246e57f018745c9b2bc68feb3d71b58,1532402940797343,13.149392,27,0,13,0.17693328964396055,1,,2
S4_low_birth,tracking,27,a7acb150914b40bdad9a2dc4e657cbf9,1532402941297218,13.649267,27,1,12,0.181203486298749,,,4
S4_low_birth,tracking,28,0cd661df01aa40c3bb3a773ba86f753a,1532402941797653,14.149702,27,0,9,0.1920858972364648,1,1,1
S4_low_birth,tracking,29,378a3a3e9af346308ab9dff8ced46d9c,1532402942197463,14.549512,25,5,9,0.16913290228086697,1,,3
S4_low_birth,tracking,30,eef55c3b48f34d949959b45130ee293a,1532402942697870,15.049919,25,0,10,0.16397238752415252,1,2,
S4_low_birth,tracking,31,5fda58ee3ae44ab9b4bbac7a2de66c27,1532402943197769,15.549818,23,2,6,0.14896281258024285,1,,1
S4_low_birth,tracking,32,919e3c4cec934168a3152077a9adcbea,1532402943697655,16.049704,26,0,12,0.16405880844619875,,,1
S4_low_birth,tracking,33,b73152cab88f49d9ba195da81fde1809,1532402944198088,16.550137,23,2,5,0.14019308159926883,,1,
S4_low_birth,tracking,34,6aa6fa91e0d1492e812eb7e57c47df6e,1532402944697931,17.04998,26,1,6,0.1679062945611648,1,4,1
S4_low_birth,tracking,35,aa581aac963a4fad848ac11fe66e8637,1532402945197276,17.549325,25,0,9,0.22441380049048287,1,,2
S4_low_birth,tracking,36,67e5f88901214f3aa03d68e028185e22,1532402945697148,18.049197,27,1,10,0.22538773398574075,1,1,2
S4_low_birth,tracking,37,29e056fc277543c9bc42310b122c640e,1532402946297085,18.649134,26,3,18,0.20255492430445646,2,,1
S4_low_birth,tracking,38,ed5fc18c31904f96a8f0dbb99ff069c0,1532402946797517,19.149566,26,1,15,0.17604713631174598,1,1,
S4_kalman_rich_high,tracking,0,ca9a282c9e77460f8360f564131a8af5,1532402927647951,0.0,14,2,2,0.11516724946572354,,,
S4_kalman_rich_high,tracking,1,39586f9d59004284a7114a68825e8eec,1532402928147847,0.499896,16,1,5,0.19207428934862894,1,,
S4_kalman_rich_high,tracking,2,356d81f38dd9473ba590f39e266f54e5,1532402928698048,1.050097,20,1,3,0.1494560249289514,1,,
S4_kalman_rich_high,tracking,3,e0845f5322254dafadbbed75aaa07969,1532402929197353,1.549402,18,1,2,0.1303672896866688,1,,
S4_kalman_rich_high,tracking,4,c923fe08b2ff4e27975d2bf30934383b,1532402929697797,2.049846,19,1,3,0.12770632840721735,,1,
S4_kalman_rich_high,tracking,5,f1e3d9d08f044c439ce86a2d6fcca57b,1532402930152601,2.50465,19,1,2,0.11626450934089685,,,
S4_kalman_rich_high,tracking,6,4f545737bf3347fbbc9af60b0be9a963,1532402930648325,3.000374,19,4,3,0.14485515696510684,,,
S4_kalman_rich_high,tracking,7,7626dde27d604ac28a0240bdd54eba7a,1532402931198511,3.55056,25,1,2,0.21147416718339096,1,1,1
S4_kalman_rich_high,tracking,8,be99ffc878b24aca8956bbb4e0f97d0c,1532402931697833,4.049882,27,3,4,0.19552938151205335,,,
S4_kalman_rich_high,tracking,9,9813c23a5f1448b09bb7910fea9baf20,1532402932197715,4.549764,32,2,3,0.19949649168607517,,,1
S4_kalman_rich_high,tracking,10,023c4df2d451409881d8e6ea82f14704,1532402932647284,4.999333,35,4,5,0.2362470052216552,,1,
S4_kalman_rich_high,tracking,11,c235638ed66145988d17f9d0601923f2,1532402933146604,5.498653,37,4,4,0.23623704614085925,,,
S4_kalman_rich_high,tracking,12,bc3c8a953f6b4dcdb77b521d89f3d9d5,1532402933646462,5.998511,38,3,4,0.2593307362783761,,1,
S4_kalman_rich_high,tracking,13,1e3d79dae62742a0ad64c91679863358,1532402934146351,6.4984,41,2,5,0.2842552202169825,1,3,
S4_kalman_rich_high,tracking,14,2afb9d32310e4546a71cbe432911eca2,1532402934696555,7.048604,43,2,6,0.25858797634193215,2,1,
S4_kalman_rich_high,tracking,15,cd21dbfc3bd749c7b10a5c42562e0c42,1532402935197541,7.54959,44,1,9,0.2864593088450576,1,1,1
S4_kalman_rich_high,tracking,16,88449a5cb1644a199c1c11f6ac034867,1532402935697945,8.049994,46,3,10,0.2828103259691231,,2,
S4_kalman_rich_high,tracking,17,2ff86dc19c4644a1a88ce5ba848f56e5,1532402936198962,8.551011,43,1,13,0.24226969006884758,2,,
S4_kalman_rich_high,tracking,18,bf2938e43c6f487497cda76b51bfc406,1532402936699359,9.051408,42,2,7,0.2669115540355214,1,2,
S4_kalman_rich_high,tracking,19,b26e791522294bec90f86fd72226e35c,1532402937198682,9.550731,43,2,7,0.23366623985023907,1,2,1
S4_kalman_rich_high,tracking,20,c844bf5a9f2243ff8f4bf2c85fe218ff,1532402937698000,10.050049,42,1,7,0.3031075083635774,1,2,1
S4_kalman_rich_high,tracking,21,fedfb3a6cb804635a0f47143f9ca8d6f,1532402938197897,10.549946,40,1,6,0.37336056550074675,1,3,
S4_kalman_rich_high,tracking,22,965f6af5a92449348409029a5f048a38,1532402938647444,10.999493,35,1,11,0.310799665598054,1,1,
S4_kalman_rich_high,tracking,23,4711bcd34644420da8bc77163431888e,1532402939147334,11.499383,27,3,9,0.18577470475226518,,3,
S4_kalman_rich_high,tracking,24,a34fabc7aa674713b71f98ec541eb2d4,1532402939697511,12.04956,23,5,6,0.18318847114333722,,2,1
S4_kalman_rich_high,tracking,25,c78067571d104caba7c568a847d56971,1532402940197958,12.550007,26,1,5,0.12248948800134059,,2,1
S4_kalman_rich_high,tracking,26,4246e57f018745c9b2bc68feb3d71b58,1532402940797343,13.149392,25,2,7,0.16593979695625338,,,2
S4_kalman_rich_high,tracking,27,a7acb150914b40bdad9a2dc4e657cbf9,1532402941297218,13.649267,25,3,4,0.13432848741159198,,,3
S4_kalman_rich_high,tracking,28,0cd661df01aa40c3bb3a773ba86f753a,1532402941797653,14.149702,23,4,2,0.1373825466798075,,1,
S4_kalman_rich_high,tracking,29,378a3a3e9af346308ab9dff8ced46d9c,1532402942197463,14.549512,23,7,2,0.16358021680395227,,,1
S4_kalman_rich_high,tracking,30,eef55c3b48f34d949959b45130ee293a,1532402942697870,15.049919,24,1,2,0.1384373824503828,,,2
S4_kalman_rich_high,tracking,31,5fda58ee3ae44ab9b4bbac7a2de66c27,1532402943197769,15.549818,23,2,1,0.1489628125802428,,,1
S4_kalman_rich_high,tracking,32,919e3c4cec934168a3152077a9adcbea,1532402943697655,16.049704,23,3,1,0.12606243388690358,,,
S4_kalman_rich_high,tracking,33,b73152cab88f49d9ba195da81fde1809,1532402944198088,16.550137,23,2,1,0.1601572699340754,,1,
S4_kalman_rich_high,tracking,34,6aa6fa91e0d1492e812eb7e57c47df6e,1532402944697931,17.04998,25,2,3,0.1497014334768312,1,4,
S4_kalman_rich_high,tracking,35,aa581aac963a4fad848ac11fe66e8637,1532402945197276,17.549325,24,1,2,0.22202461485545197,,,1
S4_kalman_rich_high,tracking,36,67e5f88901214f3aa03d68e028185e22,1532402945697148,18.049197,26,2,4,0.16154406908969998,,1,2
S4_kalman_rich_high,tracking,37,29e056fc277543c9bc42310b122c640e,1532402946297085,18.649134,25,4,5,0.1774085703597691,,,1
S4_kalman_rich_high,tracking,38,ed5fc18c31904f96a8f0dbb99ff069c0,1532402946797517,19.149566,24,3,6,0.1502170228320636,1,1,
S4_kalman_rich_low,tracking,0,ca9a282c9e77460f8360f564131a8af5,1532402927647951,0.0,15,1,17,0.14406992252599055,,,
S4_kalman_rich_low,tracking,1,39586f9d59004284a7114a68825e8eec,1532402928147847,0.499896,16,1,13,0.19207428934862894,1,,
S4_kalman_rich_low,tracking,2,356d81f38dd9473ba590f39e266f54e5,1532402928698048,1.050097,21,0,10,0.14388202918016804,2,1,
S4_kalman_rich_low,tracking,3,e0845f5322254dafadbbed75aaa07969,1532402929197353,1.549402,19,0,9,0.13152715332209733,,,
S4_kalman_rich_low,tracking,4,c923fe08b2ff4e27975d2bf30934383b,1532402929697797,2.049846,19,1,4,0.12770632840721735,,1,
S4_kalman_rich_low,tracking,5,f1e3d9d08f044c439ce86a2d6fcca57b,1532402930152601,2.50465,20,0,2,0.1189319681014603,,1,
S4_kalman_rich_low,tracking,6,4f545737bf3347fbbc9af60b0be9a963,1532402930648325,3.000374,21,2,8,0.14405595856566508,,,1
S4_kalman_rich_low,tracking,7,7626dde27d604ac28a0240bdd54eba7a,1532402931198511,3.55056,25,1,9,0.14170853046545592,2,,1
S4_kalman_rich_low,tracking,8,be99ffc878b24aca8956bbb4e0f97d0c,1532402931697833,4.049882,28,2,15,0.14874650916456342,1,,
S4_kalman_rich_low,tracking,9,9813c23a5f1448b09bb7910fea9baf20,1532402932197715,4.549764,33,1,18,0.18851678571368896,1,,1
S4_kalman_rich_low,tracking,10,023c4df2d451409881d8e6ea82f14704,1532402932647284,4.999333,38,1,20,0.24052357613419453,2,1,
S4_kalman_rich_low,tracking,11,c235638ed66145988d17f9d0601923f2,1532402933146604,5.498653,41,0,19,0.23194401111254415,2,,
S4_kalman_rich_low,tracking,12,bc3c8a953f6b4dcdb77b521d89f3d9d5,1532402933646462,5.998511,40,1,21,0.22058813414037104,,1,
S4_kalman_rich_low,tracking,13,1e3d79dae62742a0ad64c91679863358,1532402934146351,6.4984,43,0,20,0.2807607159009574,2,2,3
S4_kalman_rich_low,tracking,14,2afb9d32310e4546a71cbe432911eca2,1532402934696555,7.048604,44,1,30,0.29749509378218814,4,1,1
S4_kalman_rich_low,tracking,15,cd21dbfc3bd749c7b10a5c42562e0c42,1532402935197541,7.54959,44,1,29,0.2958176720689252,2,2,
S4_kalman_rich_low,tracking,16,88449a5cb1644a199c1c11f6ac034867,1532402935697945,8.049994,49,0,27,0.28018680228472054,1,1,2
S4_kalman_rich_low,tracking,17,2ff86dc19c4644a1a88ce5ba848f56e5,1532402936198962,8.551011,43,1,25,0.28562826402527197,3,,
S4_kalman_rich_low,tracking,18,bf2938e43c6f487497cda76b51bfc406,1532402936699359,9.051408,43,1,21,0.33147279381084516,2,2,1
S4_kalman_rich_low,tracking,19,b26e791522294bec90f86fd72226e35c,1532402937198682,9.550731,44,1,26,0.2791946966493499,1,2,1
S4_kalman_rich_low,tracking,20,c844bf5a9f2243ff8f4bf2c85fe218ff,1532402937698000,10.050049,41,2,18,0.263418940685702,2,1,
S4_kalman_rich_low,tracking,21,fedfb3a6cb804635a0f47143f9ca8d6f,1532402938197897,10.549946,40,1,22,0.2851538188322037,2,2,2
S4_kalman_rich_low,tracking,22,965f6af5a92449348409029a5f048a38,1532402938647444,10.999493,35,1,21,0.252584494475644,,1,
S4_kalman_rich_low,tracking,23,4711bcd34644420da8bc77163431888e,1532402939147334,11.499383,30,0,13,0.17683756838956083,,2,3
S4_kalman_rich_low,tracking,24,a34fabc7aa674713b71f98ec541eb2d4,1532402939697511,12.04956,24,4,18,0.19006358450372032,,1,2
S4_kalman_rich_low,tracking,25,c78067571d104caba7c568a847d56971,1532402940197958,12.550007,27,0,11,0.1432112542933096,,2,2
S4_kalman_rich_low,tracking,26,4246e57f018745c9b2bc68feb3d71b58,1532402940797343,13.149392,27,0,13,0.17693328964396057,2,,2
S4_kalman_rich_low,tracking,27,a7acb150914b40bdad9a2dc4e657cbf9,1532402941297218,13.649267,27,1,12,0.181203486298749,,,4
S4_kalman_rich_low,tracking,28,0cd661df01aa40c3bb3a773ba86f753a,1532402941797653,14.149702,27,0,9,0.16928541496530625,2,1,1
S4_kalman_rich_low,tracking,29,378a3a3e9af346308ab9dff8ced46d9c,1532402942197463,14.549512,25,5,9,0.19441645553919923,1,1,2
S4_kalman_rich_low,tracking,30,eef55c3b48f34d949959b45130ee293a,1532402942697870,15.049919,25,0,10,0.15065806999139617,3,2,
S4_kalman_rich_low,tracking,31,5fda58ee3ae44ab9b4bbac7a2de66c27,1532402943197769,15.549818,23,2,6,0.14896281258024285,1,,1
S4_kalman_rich_low,tracking,32,919e3c4cec934168a3152077a9adcbea,1532402943697655,16.049704,26,0,12,0.16405880844619875,,,1
S4_kalman_rich_low,tracking,33,b73152cab88f49d9ba195da81fde1809,1532402944198088,16.550137,23,2,5,0.14019308159926883,1,1,
S4_kalman_rich_low,tracking,34,6aa6fa91e0d1492e812eb7e57c47df6e,1532402944697931,17.04998,26,1,6,0.21374646597209424,2,4,1
S4_kalman_rich_low,tracking,35,aa581aac963a4fad848ac11fe66e8637,1532402945197276,17.549325,25,0,9,0.3336033426434783,1,,2
S4_kalman_rich_low,tracking,36,67e5f88901214f3aa03d68e028185e22,1532402945697148,18.049197,27,1,10,0.25461700425231515,1,1,2
S4_kalman_rich_low,tracking,37,29e056fc277543c9bc42310b122c640e,1532402946297085,18.649134,26,3,18,0.3028530462843719,2,,1
S4_kalman_rich_low,tracking,38,ed5fc18c31904f96a8f0dbb99ff069c0,1532402946797517,19.149566,26,1,15,0.2592129447812703,3,1,
