variant,tp,fp,fn,mean_center_error_m,id_switch,gap_id_change,gap_recovery,ped_id_switch,ped_gap_id_change,ped_fp,ped_fn,front_fn,mixed_tracks,mixed_observations,association_ms_mean,association_ms_p95,candidate_pass
S0_author,1177,579,39,0.21201990208947974,46,38,34,42,34,397,21,3,17,46,2.546855869392554,3.383397776633501,False
S0_mirror,1177,579,39,0.21201990208947974,46,38,34,42,34,397,21,3,17,46,4.739207263367298,6.638868525624275,False
S1_hungarian,1177,579,39,0.2691534023191643,65,46,27,53,37,397,21,3,18,32,2.1353002924185533,2.792538981884718,False
S1_gated,1177,579,39,0.2187078052198685,72,45,28,61,35,397,21,3,22,35,6.783317416333235,6.842820253223181,False
S2_kalman,1176,580,40,0.26119381766859623,86,42,30,72,36,398,22,3,21,54,7.734983204266964,10.59532631188631,False
S3_rich_only,1177,579,39,0.22363024464911385,74,43,30,64,34,397,21,3,21,35,11.013638586379015,12.29908773675561,False
S3_kalman_rich,1176,580,40,0.24722462435337864,88,42,30,76,35,398,22,3,21,47,11.336269334722788,15.777044370770454,False
S4_greedy_high,1131,221,85,0.24162760582635598,20,25,32,20,23,184,49,3,13,44,3.1339992554141927,4.135539662092924,False
S4_greedy_low,1177,579,39,0.21085660577467574,38,37,35,36,33,397,21,3,17,39,3.7226653538453274,5.191909335553646,True
S4_high_birth,1127,201,89,0.21479937574213448,15,22,34,15,19,169,50,3,8,32,3.14706929314595,4.183016717433929,False
S4_low_birth,1177,579,39,0.2047973216449635,40,44,28,37,35,397,21,3,12,23,3.878648416736187,5.4098268039524555,True
S4_kalman_rich_high,1127,183,89,0.21412145732995344,17,20,36,16,18,151,51,3,8,22,5.572690700109188,7.511386089026928,False
S4_kalman_rich_low,1176,580,40,0.22505419288685694,49,37,35,43,31,398,22,3,9,19,7.892970998699848,10.90445937588811,False
